概要,问题关键字,问题ID,问题类型,状态,项目关键字,项目名称,项目类型,项目主管,项目描述,项目URL,优先级,解决结果,经办人,报告人,创建者,创建日期,已更新,最近查看的,已解决,模块,到期日,表决,标签,标签,标签,标签,描述,环境,管理关注列表,管理关注列表,初始预估,剩余的估算,耗费时间,工作量比率,Σ 原预估时间,Σ 预估剩余时间,Σ 耗费时间,安全级别,事务的内向链接 (Cloners),向外链接的问题(Cloners),附件,附件,附件,附件,附件,自定义字段(Buyoff Deadline),自定义字段(Closed Date),自定义字段(Closed Date),自定义字段(DataClip ADRN),自定义字段(Department),自定义字段(Developer Note),自定义字段(Development Period),自定义字段(ECU),自定义字段(ECU 软件版本),自定义字段(EWO编号),自定义字段(Epic Link),自定义字段(Epic Status),自定义字段(Event ID),自定义字段(Fix Version),自定义字段(Follow-up Test Required),自定义字段(KPI统计),自定义字段(Lessons Learn Required),自定义字段(Linked Issue Status),自定义字段(MIFISRE-域名转发规则修改),自定义字段(MVPS 号),自定义字段(Metric),自定义字段(NPV OD Situation),自定义字段(NPV OD Triage),自定义字段(NTF关闭决策),自定义字段(NTF关闭决策附件),自定义字段(Obstacle Category),自定义字段(Original story points),自定义字段(PRD地址),自定义字段(Parent Link),自定义字段(Parking Components),自定义字段(Parking Issue Grouping),自定义字段(Parking SIL Analysis),自定义字段(Perception Triage),自定义字段(Perception Triage Additional),自定义字段(Planned Fix Date),自定义字段(Rank),自定义字段(Regression TR Link),自定义字段(Retest TR Link),自定义字段(Road Type),自定义字段(Root cause summary),自定义字段(Root cause summary),自定义字段(SQL类型),自定义字段(SR Version),自定义字段(SRC备注),自定义字段(SRC状态),自定义字段(Software version),自定义字段(Story Points),自定义字段(Structure Index Monitor),自定义字段(TOP-Q维度11),自定义字段(Target end),自定义字段(Target start),自定义字段(Task Type),自定义字段(Team),自定义字段(Test Car ID),自定义字段(Test Stage),自定义字段(To starttime),自定义字段(Vehicle Type),自定义字段(Verification method),自定义字段(Verified Date),自定义字段(country测试字段),自定义字段(country测试字段1),自定义字段(mbf_version),自定义字段(model_Redmi watch),自定义字段(nginx白名单),自定义字段(req_information),自定义字段(test2222),自定义字段(下线服务器),自定义字段(业务测试时间),自定义字段(业务测试未通过终止时间),自定义字段(严重程度),自定义字段(临时措施及永久措施描述),自定义字段(临时遏制措施),自定义字段(主问题链接),自定义字段(买单会议纪要),自定义字段(事件发生时间),自定义字段(云测试 （张向红）),自定义字段(云测试(必测)),自定义字段(云测试（韩晓天）),自定义字段(交通参与者-目标ID),自定义字段(仪表总里程),自定义字段(价格审批时间),自定义字段(仿真数据质检结果),自定义字段(优先级),自定义字段(供别),自定义字段(供应商/开发部门),自定义字段(供应商代码),自定义字段(供应商名称(英文)),自定义字段(供应商负责人),自定义字段(供应链管理员),自定义字段(信号灯一级分类),自定义字段(信号灯二级分类),自定义字段(信号灯场景表现),自定义字段(信号灯问题模块),自定义字段(修复后提交TR的时间),自定义字段(光线),自定义字段(全测试（张向红）),自定义字段(全测试（韩晓天）),自定义字段(关联问题链接),自定义字段(关联需求编号),自定义字段(兼容性测试(必测)),自定义字段(内存测试(必测)),自定义字段(内网国际域名),自定义字段(出网申请),自定义字段(分流标签-专项划分),自定义字段(分流标签-原因分析),自定义字段(分流标签-问题根因),自定义字段(分流标签-问题模块),自定义字段(刷机验证(张向红)),自定义字段(刷机验证(韩晓天)),自定义字段(功耗测试(必测)),自定义字段(功能域),自定义字段(功能测试(必测)),自定义字段(功能编号ID),自定义字段(原因分析),自定义字段(原因分析1-产⽣原因),自定义字段(原因分析2-流出原因),自定义字段(反馈标签),自定义字段(取消类型),自定义字段(变更分类),自定义字段(合同/订单签署时间),自定义字段(启动时间),自定义字段(域名下线),自定义字段(域名申请),自定义字段(域名申请描述),自定义字段(处理详情),自定义字段(复发原因),自定义字段(天气),自定义字段(子类型),自定义字段(子系统),自定义字段(实车编号),自定义字段(实际释放目标),自定义字段(审核未通过原因),自定义字段(工单状态),自定义字段(已完成里程数),自定义字段(应用商店标准测试(林秀梅)),自定义字段(开发阶段),自定义字段(开始时间),自定义字段(开始时间),自定义字段(当前经办人),自定义字段(性能测试(必测)),自定义字段(报告具体条目),自定义字段(报告时间),自定义字段(报警类型),自定义字段(拒绝问题的原因),自定义字段(接管),自定义字段(措施制定),自定义字段(提测描述),自定义字段(故障代码),自定义字段(故障原因),自定义字段(故障名称（查表，映射代码）),自定义字段(效果确认),自定义字段(效果确认车号),自定义字段(效果确认预计完成时间),自定义字段(数据保留),自定义字段(断点描述),自定义字段(断点时间),自定义字段(时间),自定义字段(是否为上线前测试),自定义字段(是否入仿真库),自定义字段(是否存在公司外的第三方输入数据),自定义字段(是否存在数据跨区域传输),自定义字段(是否存在跨团队数据调用),自定义字段(是否已克隆),自定义字段(是否收集匿名数据),自定义字段(是否有用户画像等自动化处理的使用行为),自定义字段(是否紧急),自定义字段(是否解决),自定义字段(是否误报),自定义字段(是否适配中),自定义字段(是否需要合入到下次next release里),自定义字段(服务器重装),自定义字段(未入库原因),自定义字段(根本原因),自定义字段(比价时间),自定义字段(比价未通过终止时间),自定义字段(比价比方案时间),自定义字段(测试人),自定义字段(测试人员),自定义字段(测试任务),自定义字段(测试城市),自定义字段(测试执行单编号),自定义字段(测试执行编号),自定义字段(测试报告),自定义字段(测试日期),自定义字段(测试版本),自定义字段(测试环境),自定义字段(测试用例编号),自定义字段(测试申请单链接),自定义字段(测试类型),自定义字段(测试类型),自定义字段(测试负责人),自定义字段(测试路线),自定义字段(测试部门),自定义字段(测试阶段),自定义字段(测试预计完成时间),自定义字段(涉及零部件名称),自定义字段(状态),自定义字段(环境安装),自定义字段(生产批次),自定义字段(用户同意),自定义字段(用户是否上报),自定义字段(用户是否可以撤回同意),自定义字段(申请sftp账号),自定义字段(申请服务器),自定义字段(电气架构EE平台),自定义字段(病毒扫描(必测)),自定义字段(监控是否报警),自定义字段(目标阶段),自定义字段(硬件版本),自定义字段(硬件目标版本),自定义字段(稳定性测试(必测)),自定义字段(维持现状决策),自定义字段(维持现状决策附件),自定义字段(网络访问关系/acl申请),自定义字段(自车预行为-横向),自定义字段(自车预行为-纵向),自定义字段(自车预行为-自车速度),自定义字段(观察计划),自定义字段(观察计划结束时间),自定义字段(解决方案),自定义字段(解决方案和措施),自定义字段(计划关闭日期),自定义字段(计划释放目标),自定义字段(计划里程),自定义字段(认证持证单位),自定义字段(评分),自定义字段(试验总里程数),自定义字段(该问题累计频次),自定义字段(责任转办原因),自定义字段(责任转办结果),自定义字段(责任部门),自定义字段(车号/VIN),自定义字段(车型项目),自定义字段(车辆用途),自定义字段(车辆编号),自定义字段(软件/基础服务相关),自定义字段(软件/硬件问题),自定义字段(软件版本),自定义字段(软件版本),自定义字段(软件目标版本),自定义字段(进代码（王山栋）),自定义字段(进度状态),自定义字段(通知邮件组),自定义字段(遏制实施时间),自定义字段(遏制实施范围（备件、车号）),自定义字段(道路场景-道路边界),自定义字段(道路类型),自定义字段(部署步骤),自定义字段(配置),自定义字段(重启原因),自定义字段(长期措施断点),自定义字段(问题严重度),自定义字段(问题关闭),自定义字段(问题分析及根本原因描述),自定义字段(问题分类),自定义字段(问题发生频率),自定义字段(问题取消原因),自定义字段(问题处理时间),自定义字段(问题处理结束时间),自定义字段(问题待观察的原因),自定义字段(问题描述-主观描述),自定义字段(问题描述-接管),自定义字段(问题描述-问题严重程度),自定义字段(问题描述-问题表现),自定义字段(问题描述及整改建议),自定义字段(问题根本原因分析 （责任部门填写）),自定义字段(问题统计模块),自定义字段(问题缺陷比例),自定义字段(问题置为reopen次数),自定义字段(问题跟踪结果),自定义字段(问题进展),自定义字段(问题遏制措施),自定义字段(隐私测试(必测)),自定义字段(隐私问题确认(张向红)),自定义字段(隐私问题确认(张婷)),自定义字段(零件号),自定义字段(零件名称),自定义字段(需求确认时间),自定义字段(项目完成时间),自定义字段(项目编号),自定义字段(预装后台配置(张婷)),自定义字段(预计修复时间),自定义字段(预计完成时间),自定义字段(风险关闭日期),自定义字段(验证方法/条件),自定义字段(验证结果),自定义字段(验证结果),自定义字段(验证计划完成时间),自定义字段(验证评论),自定义字段(高通/MTK CaseID),备注
"【RPA泊出-武汉】泊出过程中,自车发生急刹",AD-379363,1839435,故障,初步分析,AD,自动驾驶 面向量产 问题,software,zhaohongyi,,,重要,,dongjianhao,p-ranliping,ad-inf-data,2024/12/14 17:13,2024/12/14 17:15,2024/12/23 17:58,,泊车,2024/12/28 00:00,0,RPA,RPA泊出,泊出,中途急刹,"【测试车辆】: {color:#000000}adr::car:prod:MS11-1:LKBQ8MF22VSYP8D01{color}
【Event Key】: {color:#000000}EVENT_KEY_TRIGGER_RPA_PARKING_EXCEPTION{color}
【Extension Key】: {color:#000000}RpaParkingOutException{color}
【车辆编号】: {color:#000000}V103{color}
【测试时间】: {color:#000000}2024-12-14 11:52:39~2024-12-14 11:53:43{color}
【原始数据切片-原始MCAP】: {color:#0000ff}[Event查看链接|https://cloud.evad.mioffice.cn/data/production-manage/event-list?event_id=2244424738&server=TJV1]{color}
【问题数据回放-MivizStudio】: {color:#0000ff}[Miviz Studio 在线可视化|https://prod-event-manage.evad.xiaomi.com/openapi/api/prod_event_web/v1/jira/redirect_studio?event_id=2244424738]{color}
【问题数据回放-SimView】: {color:#0000ff}[SimView可视化|https://prod-event-manage.evad.xiaomi.com/openapi/api/prod_event_web/v1/jira/redirect_simview?event_id=2244424738]{color}
【问题数据回放-SimView2Mp4】: 
【版本信息】: {color:#000000}manifest_mipilot_mbf_1716_20241211_17_51_39.txt{color}
【场景标签】: 
【问题标签】: 
【根因标签】: 
【问题描述】: 
【日志链接】: {color:#0000ff}[Event查看链接|https://cloud.evad.mioffice.cn/data/production-manage/event-list?event_id=2244424738&server=TJV1]{color}
【Jenkins链接】: {color:#0000ff}[Jenkins链接|https://jenkins.evad.mioffice.cn/blue/organizations/jenkins/mipilot_mbf/detail/mipilot_mbf/1716/pipeline]{color}
【Event ID】: {color:#0000ff}[2244424738|https://cloud.evad.mioffice.cn/data/production-manage/event-list?event_id=2244424738&server=TJV1]{color}
【工作流】: {color:#0000ff}[查看工作流|https://cloud.evad.mioffice.cn/data/production-manage/event-list/workflow-detail?event_id=2244424738&server=TJV1]{color}
【车辆位置】: 
【城市】: 
【车辆状态】: 
【auto_tags标签】: 
【感知数据融合】: 
【AEB感知AutoTriage结果】: 
【AutoTriageMetrics下载链接】:

测试员:张梦/陈景旖

SR:[1.7.49.3|http://1.7.49.3/]-RC12R6-sr_dcd_261

DCD:S000002586006

测试表格:[https://xiaomi.f.mioffice.cn/sheets/shtk4kiJE2SNey7wEGS4z281JYg?sheet=3XSAKH]
手机品牌/型号:华为
手机APP版本 2024/12/11
数据
{color:#1f2329}2024-12-14_11-52-43{color}
{color:#1f2329}video_14{color}
{color:#1f2329}video_{color}
{color:#1f2329}按键拨杆{color}
{color:#1f2329}11:54:00{color}
备注:

!image-2024-12-14-17-14-50-555.png!

场景图: !image-2024-12-14-17-15-10-290.png!

 

 

 

 

 

 

 

 ",,ad-inf-data,,,,,,,,,,,,"2024/12/14 17:14;p-ranliping;image-2024-12-14-17-14-50-555.png;https://viim.ev.mi.com/secure/attachment/2425672/image-2024-12-14-17-14-50-555.png","2024/12/14 17:15;p-ranliping;image-2024-12-14-17-15-10-290.png;https://viim.ev.mi.com/secure/attachment/2425671/image-2024-12-14-17-15-10-290.png",,,,2031/01/01 00:00,2024/12/14 17:13,2024/12/14 17:13,,BSP,,,,,,,To Do,,,,,,,"1、域名：
2、匹配规则：例如： /api/开头的请求
3、新增 或 删除规则：例如：新增
4、后端服务job名或英文简称：例如：mifi-pt-api
5、后端服务地址： 例如：c3-miui-fi-app02.bj:9582, c3-miui-fi-app03.bj:9582",,,,,,,,,,,泊车其他,,,,,,"0|i8nq2g:",,,,,,Hive,,,Empty(默认值),,,,,,,未分类,,,研发测试 Development Test,2024/12/14 17:13,MS11-1,,2024/12/14 17:13,,,MS11-1+ADD2 V22.2.1-Release+release-ms11-24rc12.20241211,K65_CN,"1、访问域名或url：例如：staging.mifi.pt.xiaomi.com

2、访问方：例如：贷款超市合作方马上金融测试环境

3、源IP：","需求背景：
1、背景描述（或当前存在问题）：
2、落地项目平台（内部代号）

详细描述：
1、UI菜单位置：
2、多语言翻译（支持多少种）：
3、详细描述（需要考虑默认焦点）：
4、异常情况处理：

UX/UE链接：",,"内容：
下线原因：
需要下线的机器/job：",2024/12/14 17:13,2024/12/14 17:13,B,,,,,2024/12/14 11:52,NONE,NONE,NONE,,,2024/12/14 17:13,,,一供,,,,,,,,,,,,NONE,NONE,,,NONE,NONE,"1、描述域名业务用途：例如：***业务
2、意向域名：***.xiaomi.srv
3、提供后端机器名或job名：
4、提供开发端口：
5、是否同时注册其他后缀域名：
6、其他特殊要求：
","1、机器名：

2、访问外网原因：",,,,,NONE,NONE,NONE,,NONE,,,,,商务合作,,普通变更,2024/12/14 17:13,,"1、域名：

2、下线原因：例如：业务不再使用","1、描述域名业务用途：例如：***平台 或 ***api接口域名
2、域名使用方或调用方：例如：金融app客户端 或 金服研发人员
3、意向域名：   例如：api.mifi.pt.xiaomi.com
4、服务环境： 【staging】或【线上】或【preview】
5、访问范围：【公网】或【内网】
6、后端服务job名或英文简称：例如：mifi-pt-api
7、后端服务地址： 例如：c3-miui-fi-app02.bj:9582, c3-miui-fi-app03.bj:9582
8、如需多条转发规则，请在此说明清楚：例如：/api/ 开头的请求转发至mifi-pt-api，其余请求转发至nginx机器本地/home/work/bin/mifi-api-web-static/webapp/
9、其他特殊要求： 例如：超时时间设置为3分钟；支持websocket连接等","1.意向域名
2.是否同时注册其他后缀域名（例如：.net/.cn等，如有，请列举后缀）
3.以哪个公司开发票（米科？米移？等等；财务原则：与业务的财务归属保持一致，详询财务总账组）
4.费用分摊到哪个部门（基本与业务需求方的部门保持一致，详询BIMI团队）
5.是否需要保密，如是的话，域名则以个人名义注册
6.是否需要备案，如是请联系运维部王熙茜（wangxiqian@xiaomi.com)抄送sa-sys@xiaomi.com
7.是否需要纳入公司运维部域名管理系统维护（非IT职能部门的域名必须纳入），如是，请在域名申请后，发送邮件至运维部系统组sa-sys@xiaomi.com
8.是否有核准的商标在，如果需要申请新的商标名称请联系知识产权部付明月（fumingyue@xiaomi.com)
9.其他特殊要求","【问题描述】:
【产生时间】:
【具体原因】:
【影响范围】:(描述影响的请求数，用户量)
【临时解决方案】:(根本解决方案较复杂，短期难以实现情况下的临时解决方法)
【临时解决时间】:
【根本解决方案】:
【最终解决时间】:
【关健日志】: （描述问题的日志或记录）",,,,Others,,,,null,,NONE,24RC12-E4U3,,2024/12/14 17:13,,NONE,,2024/12/14 00:00,可用性,,否,,"测试项目:
测试方法:
ROM:
apk版本:
apk链接:
测试模块:
测试机型:",,代码bug,,,,,"<数据类型1>	<保留时间>
<数据类型2>	<保留时间>
<数据类型3>	<保留时间>

如果没有，填写不适用",N/A,,,否,,"输出的第三方公司名称	
输出的理由	
输出的数据类型（请上传数据字典）	
是否签署合同（提供数据保护附录( DPA）模板两种供下载：委托处理和数据共享两类，上传与对方协商确认后的DPA条款）	
监控第三方公司的技术措施（请描述，如抓包、限制权限）	
提供输出第三方的合法性证明（请提交隐私政策中相关描述或弹窗、提示样例等附隐私政策描述或弹窗提示）	
传输方式（请填写传输方式，如接口传输，数据导出等）	
	接口传输（请备注传输协议，数据加密方式）
	数据导出（请备注使用人员姓名）","1. 是否存在传输回大陆地区
  <是/否/不适用>
2. 是否存在其他国家间跨境数据传输
  <是/否>","如果有填写
1. 调用数据所属部门：
   <所属部门>
2. 调用数据所属业务系统：
   <业务系统>
3. 调用的数据表	
    3.1   云平台-数据工厂	<如果有 调用表的地址>
    3.2  云平台-MySQL	<如果有 调用表的地址>
     3.3 其它	<调用表的地址 调用的数据字典>",,"如存在匿名收集，请展开如下项填写			
字段名	字段类型	      字段注释	用途	匿名方式
<字段1 >  <字段类型1> <字段注释1> <用途1>  <匿名方式，如小米统计匿名方式>
<字段2 >  <字段类型2> <字段注释2> <用途2>  <匿名方式，如小米统计匿名方式>  


注：匿名收集是指用任何方式无法对应到一个用户或者一台设备，比如加密时增加了随机参数				",如果有请描述使用的数据类型和使用方式：,否,无,误报,适配已完成,否,"1、重装原因说明：

2、目标机器：

3、目标操作系统版本：

4、可操作时间：例如：随时 或 线下沟通约定",,,2024/12/14 17:13,2024/12/14 17:13,2024/12/14 17:13,,,,,,,,,ADD2 V22.2.1 ,PT车辆,,,,,yutingting9,,,E4U3,,,,"机器名(job/IP)：
安装路径：/usr/local/bin/ (默认)
安装包名：
安装命令：",,"请描述经过用户同意的方式：
1. 是否使用统一隐私政策，文本请参考https://www.mi.com/about/privacy/
   <是/否>
2. 使用独立隐私政策
   <是/否>
   <如果是独立政策，在这里填写独立隐私政策的链接地址, 如http://zzz.mi.com/zzzz >
   <如果是独立政策，这里填写 请附弹窗或提示的文案及产品样式图 的访问链接>
3. 服务器是否记录用户点击同意
   <是/否>
4. 隐私政策是否提供所有销售国家语种的版本
    <是/否>
5. 隐私政策在APP或系统设置的法律条款中可查看
    <是/否>
    <交互截图链接，或者附件名称>
6. 是否收集敏感数据，在弹窗中明示说明收集SPII
    <是/否>
    <如果是 这里填写 弹窗的文案及样式>
7. 在收集、披露或以其他方式使用儿童（注各国标准不同）个人信息之前，是否从父母或其他对儿童负有法律责任人处获得同意？ 
    <是/否>",否,"• 是	
	接入小米账号统一提供接口，请在附件提供前端UI截图
	    App中存在撤回同意入口（Withdraw Consent）
	收到用户要求可后台支持撤回同意
• 否	
	无海外版
        未完成","1、sftp环境或域名或IP：如 staging环境sftp  或 stagingsftp.pay.mipay.com  或 58.83.177.88:2222

2、使用场景： 例如： 上传下载影像文件、授权书、调额结果等文件

3、使用方：例如：贷款超市合作方马上金融

4、账号名： 例如:  lm_mashang

5、目录及权限： 例如：
/mi
mifi-loan-lm，RW
sftp-admin, RW
lm_mashang，R

/partner
mifi-loan-lm，RW
sftp-admin, RW
lm_mashang，RW

6、合作机构出口IP（通过公网访问时需要）：

7、数据保存时间：例如：1个月","1、机型套餐参考 ：http://xbudget.pt.xiaomi.com/

2、详细说明机器申请理由：

3、服务器配置(内存，CPU，磁盘，操作系统)：

4、套餐类型:",MI1.0,NONE,是,E4U3,,N/A,NONE,,,"1、背景及原因

2、源IP、源端口、网络协议、目的IP、目的端口：",,,,,,,,,,,生态链公司,0.0,,,,,,,MS11-5-800V,,,"1、机器：

2、服务：例如lcs-agent

3、如非标准服务，请提供下载和安装步骤说明。",软件问题,,,N/A,NONE,,jira-miliao-project,,,,,"此处填写部署步骤：
【1】order模块部署（示例）
git：git@v9.git.n.xiaomi.com:mijia-server/order.git
branch：dev
st job：job.order_service.order_servicegroup.shop_cluster.staging
",国内版,,,,,,待定,概率性偶发,,,2024/12/14 17:13,,,,,,,,待定,,0.0,,待定,,NONE,NONE,NONE,,,2024/12/14 17:13,2024/12/14 17:13,,NONE,,,2024/12/14 17:13,,,,,"Verification Version:

Verification Result:",请研发同事添加高通\MTK case ID,
【RPA泊出-武汉】热启动直线召唤时车辆有明显顿挫,AD-377547,1829561,故障,初步分析,AD,自动驾驶 面向量产 问题,software,zhaohongyi,,,次要,,dongjianhao,p-ranliping,ad-inf-data,2024/12/13 11:10,2024/12/13 11:14,2024/12/23 17:58,,泊车,2024/12/27 00:00,0,RPA,RPA泊出,泊出,顿挫感明显,"【测试车辆】: {color:#000000}adr::car:prod:MS11-1:LVEQGKDMN34L4BKR5{color}
【Event Key】: {color:#000000}EVENT_KEY_TRIGGER_RPA_PARKING_EXCEPTION{color}
【Extension Key】: {color:#000000}RpaMoveException{color}
【车辆编号】: {color:#000000}MT108{color}
【测试时间】: {color:#000000}2024-12-12 20:54:36~2024-12-12 20:55:54{color}
【原始数据切片-原始MCAP】: {color:#0000ff}[Event查看链接|https://cloud.evad.mioffice.cn/data/production-manage/event-list?event_id=2227133773&server=TJV1]{color}
【问题数据回放-MivizStudio】: {color:#0000ff}[Miviz Studio 在线可视化|https://prod-event-manage.evad.xiaomi.com/openapi/api/prod_event_web/v1/jira/redirect_studio?event_id=2227133773]{color}
【问题数据回放-SimView】: {color:#0000ff}[SimView可视化|https://prod-event-manage.evad.xiaomi.com/openapi/api/prod_event_web/v1/jira/redirect_simview?event_id=2227133773]{color}
【问题数据回放-SimView2Mp4】: 
【版本信息】: {color:#000000}manifest_mipilot_mbf_1700_20241205_15_18_01.txt{color}
【场景标签】: 
【问题标签】: 
【根因标签】: 
【问题描述】: 
【日志链接】: {color:#0000ff}[Event查看链接|https://cloud.evad.mioffice.cn/data/production-manage/event-list?event_id=2227133773&server=TJV1]{color}
【Jenkins链接】: {color:#0000ff}[Jenkins链接|https://jenkins.evad.mioffice.cn/blue/organizations/jenkins/mipilot_mbf/detail/mipilot_mbf/1700/pipeline]{color}
【Event ID】: {color:#0000ff}[2227133773|https://cloud.evad.mioffice.cn/data/production-manage/event-list?event_id=2227133773&server=TJV1]{color}
【工作流】: {color:#0000ff}[查看工作流|https://cloud.evad.mioffice.cn/data/production-manage/event-list/workflow-detail?event_id=2227133773&server=TJV1]{color}
【车辆位置】: 
【城市】: 
【车辆状态】: 
【auto_tags标签】: 
【感知数据融合】: 
【AEB感知AutoTriage结果】: 
【AutoTriageMetrics下载链接】:

测试员:葛浩/常海博 
*25RC01开发阶段*
DCD:S000003163001 
SR:[1.7.50.2|http://1.7.50.2/]-25RC01R2-sr_dcd_268 
手机品牌/型号 :三星
手机APP版本 :micar_M_20241211_1455.apk_
测试表格:[https://xiaomi.f.mioffice.cn/sheets/shtk4OSlvdbkNHq9xTPML57JMv2?sheet=QP4c2C]
数据:
{color:#1f2329}video_46{color}
{color:#1f2329}video{color}
{color:#1f2329}2024-12-12_20-54-24{color}
{color:#1f2329}拨杆按键时间:20:56:15{color}
截图 !image-2024-12-13-11-12-31-858.png!

 

 

 

 

 

 

 

 

 

 ",,ad-inf-data,,,,,,,,,,,,"2024/12/13 11:13;p-ranliping;2359642141-2024-12-12 20_56_02.zip;https://viim.ev.mi.com/secure/attachment/2413560/2359642141-2024-12-12+20_56_02.zip","2024/12/13 11:14;p-ranliping;46.1.qt;https://viim.ev.mi.com/secure/attachment/2413571/46.1.qt","2024/12/13 11:14;p-ranliping;46.mp4;https://viim.ev.mi.com/secure/attachment/2413572/46.mp4","2024/12/13 11:12;p-ranliping;image-2024-12-13-11-12-31-858.png;https://viim.ev.mi.com/secure/attachment/2413551/image-2024-12-13-11-12-31-858.png",,2031/01/01 00:00,2024/12/13 11:10,2024/12/13 11:10,,BSP,,,,,,,To Do,,,,,,,"1、域名：
2、匹配规则：例如： /api/开头的请求
3、新增 或 删除规则：例如：新增
4、后端服务job名或英文简称：例如：mifi-pt-api
5、后端服务地址： 例如：c3-miui-fi-app02.bj:9582, c3-miui-fi-app03.bj:9582",,,,,,,,,,,泊车其他,,,,,,"0|i8m1j4:",,,,,,Hive,,,Empty(默认值),,,,,,,未分类,,,研发测试 Development Test,2024/12/13 11:10,MS11-5,,2024/12/13 11:10,,,MS11-1+ADD2 V23.0.1-Release+develop.20241205,K65_CN,"1、访问域名或url：例如：staging.mifi.pt.xiaomi.com

2、访问方：例如：贷款超市合作方马上金融测试环境

3、源IP：","需求背景：
1、背景描述（或当前存在问题）：
2、落地项目平台（内部代号）

详细描述：
1、UI菜单位置：
2、多语言翻译（支持多少种）：
3、详细描述（需要考虑默认焦点）：
4、异常情况处理：

UX/UE链接：",,"内容：
下线原因：
需要下线的机器/job：",2024/12/13 11:10,2024/12/13 11:10,C,,,,,2024/12/12 20:54,NONE,NONE,NONE,,,2024/12/13 11:10,,,一供,,,,,,,,,,,,NONE,NONE,,,NONE,NONE,"1、描述域名业务用途：例如：***业务
2、意向域名：***.xiaomi.srv
3、提供后端机器名或job名：
4、提供开发端口：
5、是否同时注册其他后缀域名：
6、其他特殊要求：
","1、机器名：

2、访问外网原因：",,,,,NONE,NONE,NONE,,NONE,,,,,商务合作,,普通变更,2024/12/13 11:10,,"1、域名：

2、下线原因：例如：业务不再使用","1、描述域名业务用途：例如：***平台 或 ***api接口域名
2、域名使用方或调用方：例如：金融app客户端 或 金服研发人员
3、意向域名：   例如：api.mifi.pt.xiaomi.com
4、服务环境： 【staging】或【线上】或【preview】
5、访问范围：【公网】或【内网】
6、后端服务job名或英文简称：例如：mifi-pt-api
7、后端服务地址： 例如：c3-miui-fi-app02.bj:9582, c3-miui-fi-app03.bj:9582
8、如需多条转发规则，请在此说明清楚：例如：/api/ 开头的请求转发至mifi-pt-api，其余请求转发至nginx机器本地/home/work/bin/mifi-api-web-static/webapp/
9、其他特殊要求： 例如：超时时间设置为3分钟；支持websocket连接等","1.意向域名
2.是否同时注册其他后缀域名（例如：.net/.cn等，如有，请列举后缀）
3.以哪个公司开发票（米科？米移？等等；财务原则：与业务的财务归属保持一致，详询财务总账组）
4.费用分摊到哪个部门（基本与业务需求方的部门保持一致，详询BIMI团队）
5.是否需要保密，如是的话，域名则以个人名义注册
6.是否需要备案，如是请联系运维部王熙茜（wangxiqian@xiaomi.com)抄送sa-sys@xiaomi.com
7.是否需要纳入公司运维部域名管理系统维护（非IT职能部门的域名必须纳入），如是，请在域名申请后，发送邮件至运维部系统组sa-sys@xiaomi.com
8.是否有核准的商标在，如果需要申请新的商标名称请联系知识产权部付明月（fumingyue@xiaomi.com)
9.其他特殊要求","【问题描述】:
【产生时间】:
【具体原因】:
【影响范围】:(描述影响的请求数，用户量)
【临时解决方案】:(根本解决方案较复杂，短期难以实现情况下的临时解决方法)
【临时解决时间】:
【根本解决方案】:
【最终解决时间】:
【关健日志】: （描述问题的日志或记录）",,,,Others,,,,null,,NONE,24RC12-E4U3,,2024/12/13 11:10,,NONE,,2024/12/13 00:00,可用性,,否,,"测试项目:
测试方法:
ROM:
apk版本:
apk链接:
测试模块:
测试机型:",,代码bug,,,,,"<数据类型1>	<保留时间>
<数据类型2>	<保留时间>
<数据类型3>	<保留时间>

如果没有，填写不适用",N/A,,,否,,"输出的第三方公司名称	
输出的理由	
输出的数据类型（请上传数据字典）	
是否签署合同（提供数据保护附录( DPA）模板两种供下载：委托处理和数据共享两类，上传与对方协商确认后的DPA条款）	
监控第三方公司的技术措施（请描述，如抓包、限制权限）	
提供输出第三方的合法性证明（请提交隐私政策中相关描述或弹窗、提示样例等附隐私政策描述或弹窗提示）	
传输方式（请填写传输方式，如接口传输，数据导出等）	
	接口传输（请备注传输协议，数据加密方式）
	数据导出（请备注使用人员姓名）","1. 是否存在传输回大陆地区
  <是/否/不适用>
2. 是否存在其他国家间跨境数据传输
  <是/否>","如果有填写
1. 调用数据所属部门：
   <所属部门>
2. 调用数据所属业务系统：
   <业务系统>
3. 调用的数据表	
    3.1   云平台-数据工厂	<如果有 调用表的地址>
    3.2  云平台-MySQL	<如果有 调用表的地址>
     3.3 其它	<调用表的地址 调用的数据字典>",,"如存在匿名收集，请展开如下项填写			
字段名	字段类型	      字段注释	用途	匿名方式
<字段1 >  <字段类型1> <字段注释1> <用途1>  <匿名方式，如小米统计匿名方式>
<字段2 >  <字段类型2> <字段注释2> <用途2>  <匿名方式，如小米统计匿名方式>  


注：匿名收集是指用任何方式无法对应到一个用户或者一台设备，比如加密时增加了随机参数				",如果有请描述使用的数据类型和使用方式：,否,无,误报,适配已完成,否,"1、重装原因说明：

2、目标机器：

3、目标操作系统版本：

4、可操作时间：例如：随时 或 线下沟通约定",,,2024/12/13 11:10,2024/12/13 11:10,2024/12/13 11:10,,,,,,,,,ADD2 V23.0.1,PT车辆,,,,,yutingting9,,,E4U3,,,,"机器名(job/IP)：
安装路径：/usr/local/bin/ (默认)
安装包名：
安装命令：",,"请描述经过用户同意的方式：
1. 是否使用统一隐私政策，文本请参考https://www.mi.com/about/privacy/
   <是/否>
2. 使用独立隐私政策
   <是/否>
   <如果是独立政策，在这里填写独立隐私政策的链接地址, 如http://zzz.mi.com/zzzz >
   <如果是独立政策，这里填写 请附弹窗或提示的文案及产品样式图 的访问链接>
3. 服务器是否记录用户点击同意
   <是/否>
4. 隐私政策是否提供所有销售国家语种的版本
    <是/否>
5. 隐私政策在APP或系统设置的法律条款中可查看
    <是/否>
    <交互截图链接，或者附件名称>
6. 是否收集敏感数据，在弹窗中明示说明收集SPII
    <是/否>
    <如果是 这里填写 弹窗的文案及样式>
7. 在收集、披露或以其他方式使用儿童（注各国标准不同）个人信息之前，是否从父母或其他对儿童负有法律责任人处获得同意？ 
    <是/否>",否,"• 是	
	接入小米账号统一提供接口，请在附件提供前端UI截图
	    App中存在撤回同意入口（Withdraw Consent）
	收到用户要求可后台支持撤回同意
• 否	
	无海外版
        未完成","1、sftp环境或域名或IP：如 staging环境sftp  或 stagingsftp.pay.mipay.com  或 58.83.177.88:2222

2、使用场景： 例如： 上传下载影像文件、授权书、调额结果等文件

3、使用方：例如：贷款超市合作方马上金融

4、账号名： 例如:  lm_mashang

5、目录及权限： 例如：
/mi
mifi-loan-lm，RW
sftp-admin, RW
lm_mashang，R

/partner
mifi-loan-lm，RW
sftp-admin, RW
lm_mashang，RW

6、合作机构出口IP（通过公网访问时需要）：

7、数据保存时间：例如：1个月","1、机型套餐参考 ：http://xbudget.pt.xiaomi.com/

2、详细说明机器申请理由：

3、服务器配置(内存，CPU，磁盘，操作系统)：

4、套餐类型:",MI1.0,NONE,是,E4U3,,N/A,NONE,,,"1、背景及原因

2、源IP、源端口、网络协议、目的IP、目的端口：",,,,,,,,,,,生态链公司,0.0,,,,,,,MS11-5-800V,,,"1、机器：

2、服务：例如lcs-agent

3、如非标准服务，请提供下载和安装步骤说明。",软件问题,,,N/A,NONE,,jira-miliao-project,,,,,"此处填写部署步骤：
【1】order模块部署（示例）
git：git@v9.git.n.xiaomi.com:mijia-server/order.git
branch：dev
st job：job.order_service.order_servicegroup.shop_cluster.staging
",国内版,,,,,,待定,概率性偶发,,,2024/12/13 11:10,,,,,,,,待定,,0.0,,待定,,NONE,NONE,NONE,,,2024/12/13 11:10,2024/12/13 11:10,,NONE,,,2024/12/13 11:10,,,,,"Verification Version:

Verification Result:",请研发同事添加高通\MTK case ID,
【RPA泊出-武汉】松开向前按钮，自车延迟2S，仍然在向前行驶,AD-376490,1824454,故障,初步分析,AD,自动驾驶 面向量产 问题,software,zhaohongyi,,,次要,,dongjianhao,p-ranliping,p-ranliping,2024/12/12 16:02,2024/12/20 16:22,2024/12/23 17:58,,泊车,2024/12/26 00:00,0,RPA,RPA泊出,泊出,向前行驶,"【测试车辆】: {color:#000000}adr::car:prod:MS11-4:LVEQXJFYWLJPSAWH7{color}
【Event Key】: {color:#000000}EVENT_KEY_TRIGGER_RPA_PARKING_EXCEPTION{color}
【Extension Key】: {color:#000000}RpaMoveException{color}
【车辆编号】: {color:#000000}MT089{color}
【测试时间】: {color:#000000}2024-12-12 11:25:08~2024-12-12 11:26:20{color}
【原始数据切片-原始MCAP】: {color:#0000ff}[Event查看链接|https://cloud.evad.mioffice.cn/data/production-manage/event-list?event_id=2220558305&server=TJV1]{color}
【问题数据回放-MivizStudio】: {color:#0000ff}[Miviz Studio 在线可视化|https://prod-event-manage.evad.xiaomi.com/openapi/api/prod_event_web/v1/jira/redirect_studio?event_id=2220558305]{color}
【问题数据回放-SimView】: {color:#0000ff}[SimView可视化|https://prod-event-manage.evad.xiaomi.com/openapi/api/prod_event_web/v1/jira/redirect_simview?event_id=2220558305]{color}
【问题数据回放-SimView2Mp4】: 
【版本信息】: {color:#000000}manifest_mipilot_mbf_debug_38231_20241211_12_12_00.txt{color}
【场景标签】: 
【问题标签】: 
【根因标签】: 
【问题描述】: 
【日志链接】: {color:#0000ff}[Event查看链接|https://cloud.evad.mioffice.cn/data/production-manage/event-list?event_id=2220558305&server=TJV1]{color}
【Jenkins链接】: {color:#0000ff}[Jenkins链接|https://jenkins.evad.mioffice.cn/blue/organizations/jenkins/mipilot_mbf_debug/detail/mipilot_mbf_debug/38231/pipeline]{color}
【Event ID】: {color:#0000ff}[2220558305|https://cloud.evad.mioffice.cn/data/production-manage/event-list?event_id=2220558305&server=TJV1]{color}
【工作流】: {color:#0000ff}[查看工作流|https://cloud.evad.mioffice.cn/data/production-manage/event-list/workflow-detail?event_id=2220558305&server=TJV1]{color}
【车辆位置】: 
【城市】: 
【车辆状态】: 
【auto_tags标签】: 
【感知数据融合】: 
【AEB感知AutoTriage结果】: 
【AutoTriageMetrics下载链接】:

测试员：关宏亮

*25RC01开发阶段*

SR:[1.7.50.2|http://1.7.50.2/]-25RC01R2-sr_dcd_268

DCD:S000003163001
手机品牌/型号:红米Turbo3

手机APP版本:micar_M_20241210_2343.apk

手机日志：[对象存储（FDS）控制台 - 小米融合云|https://cloud.mioffice.cn/#/product/file-store/objects/data-storage/Veh_Parking/MT089/2024-12-12/]
测试表格:[https://xiaomi.f.mioffice.cn/sheets/shtk4JhDkk4vbnosQPU5WphFQcb?sheet=245LDM]

数据：
{color:#1f2329}2024-12-12_11-24-16{color}
{color:#1f2329}一键回传/拨杆11:26:45{color}
{color:#1f2329}video-3{color}
备注: !image-2024-12-12-16-03-13-505.png!
场景图: 

 

 

 

 

 

 

 

 

 ",,p-ranliping,,,,,,,,,,,AD-376483,"2024/12/12 16:32;p-ranliping;1442480560-2024-12-12 11_26_40.zip;https://viim.ev.mi.com/secure/attachment/2407722/1442480560-2024-12-12+11_26_40.zip","2024/12/12 16:03;p-ranliping;image-2024-12-12-16-03-13-505.png;https://viim.ev.mi.com/secure/attachment/2406988/image-2024-12-12-16-03-13-505.png",,,,2031/01/01 00:00,2024/12/12 16:00,2024/12/12 16:00,,BSP,,,,,,,To Do,,,,,,,"1、域名：
2、匹配规则：例如： /api/开头的请求
3、新增 或 删除规则：例如：新增
4、后端服务job名或英文简称：例如：mifi-pt-api
5、后端服务地址： 例如：c3-miui-fi-app02.bj:9582, c3-miui-fi-app03.bj:9582",,,,,,,,,,,泊车其他,,,,,,"0|i8l6qw:",,,,,,Hive,,,Empty(默认值),,,,,,,未分类,,,研发测试 Development Test,2024/12/12 16:00,MS11-4,,2024/12/12 16:00,,,,K65_CN,"1、访问域名或url：例如：staging.mifi.pt.xiaomi.com

2、访问方：例如：贷款超市合作方马上金融测试环境

3、源IP：","需求背景：
1、背景描述（或当前存在问题）：
2、落地项目平台（内部代号）

详细描述：
1、UI菜单位置：
2、多语言翻译（支持多少种）：
3、详细描述（需要考虑默认焦点）：
4、异常情况处理：

UX/UE链接：",,"内容：
下线原因：
需要下线的机器/job：",2024/12/12 16:00,2024/12/12 16:00,C,,,,,2024/12/12 11:25,NONE,NONE,NONE,,,2024/12/12 16:00,,,一供,,,,,,,,,,,,NONE,NONE,,,NONE,NONE,"1、描述域名业务用途：例如：***业务
2、意向域名：***.xiaomi.srv
3、提供后端机器名或job名：
4、提供开发端口：
5、是否同时注册其他后缀域名：
6、其他特殊要求：
","1、机器名：

2、访问外网原因：",,,,,NONE,NONE,NONE,,NONE,,,,,商务合作,,普通变更,2024/12/12 16:00,,"1、域名：

2、下线原因：例如：业务不再使用","1、描述域名业务用途：例如：***平台 或 ***api接口域名
2、域名使用方或调用方：例如：金融app客户端 或 金服研发人员
3、意向域名：   例如：api.mifi.pt.xiaomi.com
4、服务环境： 【staging】或【线上】或【preview】
5、访问范围：【公网】或【内网】
6、后端服务job名或英文简称：例如：mifi-pt-api
7、后端服务地址： 例如：c3-miui-fi-app02.bj:9582, c3-miui-fi-app03.bj:9582
8、如需多条转发规则，请在此说明清楚：例如：/api/ 开头的请求转发至mifi-pt-api，其余请求转发至nginx机器本地/home/work/bin/mifi-api-web-static/webapp/
9、其他特殊要求： 例如：超时时间设置为3分钟；支持websocket连接等","1.意向域名
2.是否同时注册其他后缀域名（例如：.net/.cn等，如有，请列举后缀）
3.以哪个公司开发票（米科？米移？等等；财务原则：与业务的财务归属保持一致，详询财务总账组）
4.费用分摊到哪个部门（基本与业务需求方的部门保持一致，详询BIMI团队）
5.是否需要保密，如是的话，域名则以个人名义注册
6.是否需要备案，如是请联系运维部王熙茜（wangxiqian@xiaomi.com)抄送sa-sys@xiaomi.com
7.是否需要纳入公司运维部域名管理系统维护（非IT职能部门的域名必须纳入），如是，请在域名申请后，发送邮件至运维部系统组sa-sys@xiaomi.com
8.是否有核准的商标在，如果需要申请新的商标名称请联系知识产权部付明月（fumingyue@xiaomi.com)
9.其他特殊要求","【问题描述】:
【产生时间】:
【具体原因】:
【影响范围】:(描述影响的请求数，用户量)
【临时解决方案】:(根本解决方案较复杂，短期难以实现情况下的临时解决方法)
【临时解决时间】:
【根本解决方案】:
【最终解决时间】:
【关健日志】: （描述问题的日志或记录）",,,,Others,,,,null,,NONE,24RC12-E4U3,,2024/12/12 16:00,,NONE,,2024/12/12 00:00,可用性,,否,,"测试项目:
测试方法:
ROM:
apk版本:
apk链接:
测试模块:
测试机型:",,代码bug,,,,,"<数据类型1>	<保留时间>
<数据类型2>	<保留时间>
<数据类型3>	<保留时间>

如果没有，填写不适用",N/A,,,否,,"输出的第三方公司名称	
输出的理由	
输出的数据类型（请上传数据字典）	
是否签署合同（提供数据保护附录( DPA）模板两种供下载：委托处理和数据共享两类，上传与对方协商确认后的DPA条款）	
监控第三方公司的技术措施（请描述，如抓包、限制权限）	
提供输出第三方的合法性证明（请提交隐私政策中相关描述或弹窗、提示样例等附隐私政策描述或弹窗提示）	
传输方式（请填写传输方式，如接口传输，数据导出等）	
	接口传输（请备注传输协议，数据加密方式）
	数据导出（请备注使用人员姓名）","1. 是否存在传输回大陆地区
  <是/否/不适用>
2. 是否存在其他国家间跨境数据传输
  <是/否>","如果有填写
1. 调用数据所属部门：
   <所属部门>
2. 调用数据所属业务系统：
   <业务系统>
3. 调用的数据表	
    3.1   云平台-数据工厂	<如果有 调用表的地址>
    3.2  云平台-MySQL	<如果有 调用表的地址>
     3.3 其它	<调用表的地址 调用的数据字典>",,"如存在匿名收集，请展开如下项填写			
字段名	字段类型	      字段注释	用途	匿名方式
<字段1 >  <字段类型1> <字段注释1> <用途1>  <匿名方式，如小米统计匿名方式>
<字段2 >  <字段类型2> <字段注释2> <用途2>  <匿名方式，如小米统计匿名方式>  


注：匿名收集是指用任何方式无法对应到一个用户或者一台设备，比如加密时增加了随机参数				",如果有请描述使用的数据类型和使用方式：,否,无,误报,适配已完成,否,"1、重装原因说明：

2、目标机器：

3、目标操作系统版本：

4、可操作时间：例如：随时 或 线下沟通约定",,,2024/12/12 16:00,2024/12/12 16:00,2024/12/12 16:00,,,,,,,,,ADD2 Vdebug_38231 ,PT车辆,,,,,yutingting9,,,E4U3,,,,"机器名(job/IP)：
安装路径：/usr/local/bin/ (默认)
安装包名：
安装命令：",,"请描述经过用户同意的方式：
1. 是否使用统一隐私政策，文本请参考https://www.mi.com/about/privacy/
   <是/否>
2. 使用独立隐私政策
   <是/否>
   <如果是独立政策，在这里填写独立隐私政策的链接地址, 如http://zzz.mi.com/zzzz >
   <如果是独立政策，这里填写 请附弹窗或提示的文案及产品样式图 的访问链接>
3. 服务器是否记录用户点击同意
   <是/否>
4. 隐私政策是否提供所有销售国家语种的版本
    <是/否>
5. 隐私政策在APP或系统设置的法律条款中可查看
    <是/否>
    <交互截图链接，或者附件名称>
6. 是否收集敏感数据，在弹窗中明示说明收集SPII
    <是/否>
    <如果是 这里填写 弹窗的文案及样式>
7. 在收集、披露或以其他方式使用儿童（注各国标准不同）个人信息之前，是否从父母或其他对儿童负有法律责任人处获得同意？ 
    <是/否>",否,"• 是	
	接入小米账号统一提供接口，请在附件提供前端UI截图
	    App中存在撤回同意入口（Withdraw Consent）
	收到用户要求可后台支持撤回同意
• 否	
	无海外版
        未完成","1、sftp环境或域名或IP：如 staging环境sftp  或 stagingsftp.pay.mipay.com  或 58.83.177.88:2222

2、使用场景： 例如： 上传下载影像文件、授权书、调额结果等文件

3、使用方：例如：贷款超市合作方马上金融

4、账号名： 例如:  lm_mashang

5、目录及权限： 例如：
/mi
mifi-loan-lm，RW
sftp-admin, RW
lm_mashang，R

/partner
mifi-loan-lm，RW
sftp-admin, RW
lm_mashang，RW

6、合作机构出口IP（通过公网访问时需要）：

7、数据保存时间：例如：1个月","1、机型套餐参考 ：http://xbudget.pt.xiaomi.com/

2、详细说明机器申请理由：

3、服务器配置(内存，CPU，磁盘，操作系统)：

4、套餐类型:",MI1.0,NONE,是,E4U3,,N/A,NONE,,,"1、背景及原因

2、源IP、源端口、网络协议、目的IP、目的端口：",,,,,,,,,,,生态链公司,0.0,,,,,,,MS11-5-800V,,,"1、机器：

2、服务：例如lcs-agent

3、如非标准服务，请提供下载和安装步骤说明。",软件问题,,,N/A,NONE,,jira-miliao-project,,,,,"此处填写部署步骤：
【1】order模块部署（示例）
git：git@v9.git.n.xiaomi.com:mijia-server/order.git
branch：dev
st job：job.order_service.order_servicegroup.shop_cluster.staging
",国内版,,,,,,待定,概率性偶发,,,2024/12/12 16:00,,,,,,,,待定,,0.0,,待定,,NONE,NONE,NONE,,,2024/12/12 16:00,2024/12/12 16:00,,NONE,,,2024/12/12 16:00,,,,,"Verification Version:

Verification Result:",请研发同事添加高通\MTK case ID,
【RPA泊出-武汉】直线召唤过程中顿挫感重，体感不佳,AD-376483,1824395,故障,初步分析,AD,自动驾驶 面向量产 问题,software,zhaohongyi,,,重要,,dongjianhao,p-ranliping,ad-inf-data,2024/12/12 16:00,2024/12/12 16:36,2024/12/23 17:58,,泊车,2024/12/26 00:00,0,RPA,RPA泊出,泊出,顿挫感明显,"【测试车辆】: {color:#000000}adr::car:prod:MS11-4:LVEQXJFYWLJPSAWH7{color}
【Event Key】: {color:#000000}EVENT_KEY_TRIGGER_RPA_PARKING_EXCEPTION{color}
【Extension Key】: {color:#000000}RpaMoveException{color}
【车辆编号】: {color:#000000}MT089{color}
【测试时间】: {color:#000000}2024-12-12 11:25:08~2024-12-12 11:26:20{color}
【原始数据切片-原始MCAP】: {color:#0000ff}[Event查看链接|https://cloud.evad.mioffice.cn/data/production-manage/event-list?event_id=2220558305&server=TJV1]{color}
【问题数据回放-MivizStudio】: {color:#0000ff}[Miviz Studio 在线可视化|https://prod-event-manage.evad.xiaomi.com/openapi/api/prod_event_web/v1/jira/redirect_studio?event_id=2220558305]{color}
【问题数据回放-SimView】: {color:#0000ff}[SimView可视化|https://prod-event-manage.evad.xiaomi.com/openapi/api/prod_event_web/v1/jira/redirect_simview?event_id=2220558305]{color}
【问题数据回放-SimView2Mp4】: 
【版本信息】: {color:#000000}manifest_mipilot_mbf_debug_38231_20241211_12_12_00.txt{color}
【场景标签】: 
【问题标签】: 
【根因标签】: 
【问题描述】: 
【日志链接】: {color:#0000ff}[Event查看链接|https://cloud.evad.mioffice.cn/data/production-manage/event-list?event_id=2220558305&server=TJV1]{color}
【Jenkins链接】: {color:#0000ff}[Jenkins链接|https://jenkins.evad.mioffice.cn/blue/organizations/jenkins/mipilot_mbf_debug/detail/mipilot_mbf_debug/38231/pipeline]{color}
【Event ID】: {color:#0000ff}[2220558305|https://cloud.evad.mioffice.cn/data/production-manage/event-list?event_id=2220558305&server=TJV1]{color}
【工作流】: {color:#0000ff}[查看工作流|https://cloud.evad.mioffice.cn/data/production-manage/event-list/workflow-detail?event_id=2220558305&server=TJV1]{color}
【车辆位置】: 
【城市】: 
【车辆状态】: 
【auto_tags标签】: 
【感知数据融合】: 
【AEB感知AutoTriage结果】: 
【AutoTriageMetrics下载链接】:

测试员：关宏亮

*25RC01开发阶段*

SR:[1.7.50.2|http://1.7.50.2/]-25RC01R2-sr_dcd_268

DCD:S000003163001
手机品牌/型号:红米Turbo3

手机APP版本:micar_M_20241210_2343.apk

手机日志：[对象存储（FDS）控制台 - 小米融合云|https://cloud.mioffice.cn/#/product/file-store/objects/data-storage/Veh_Parking/MT089/2024-12-12/]
测试表格:[https://xiaomi.f.mioffice.cn/sheets/shtk4JhDkk4vbnosQPU5WphFQcb?sheet=245LDM]

数据：
{color:#1f2329}2024-12-12_11-24-16{color}
{color:#1f2329}一键回传/拨杆11:26:45{color}
{color:#1f2329}video-3{color}
备注: !image-2024-12-12-16-01-52-668.png!
场景图: 

!image-2024-12-12-16-05-37-985.png!

 

 

 

 

 

 

 

 ",,ad-inf-data,,,,,,,,,,AD-376490,,"2024/12/12 16:31;p-ranliping;1442480560-2024-12-12 10_26_42.zip;https://viim.ev.mi.com/secure/attachment/2407719/1442480560-2024-12-12+10_26_42.zip","2024/12/12 16:32;p-ranliping;1442480560-2024-12-12 11_26_40.zip;https://viim.ev.mi.com/secure/attachment/2407724/1442480560-2024-12-12+11_26_40.zip","2024/12/12 16:01;p-ranliping;image-2024-12-12-16-01-52-668.png;https://viim.ev.mi.com/secure/attachment/2406977/image-2024-12-12-16-01-52-668.png","2024/12/12 16:05;p-ranliping;image-2024-12-12-16-05-37-985.png;https://viim.ev.mi.com/secure/attachment/2407209/image-2024-12-12-16-05-37-985.png",,2031/01/01 00:00,2024/12/12 16:00,2024/12/12 16:00,,BSP,,,,,,,To Do,,,,,,,"1、域名：
2、匹配规则：例如： /api/开头的请求
3、新增 或 删除规则：例如：新增
4、后端服务job名或英文简称：例如：mifi-pt-api
5、后端服务地址： 例如：c3-miui-fi-app02.bj:9582, c3-miui-fi-app03.bj:9582",,,,,,,,,,,泊车其他,,,,,,"0|i8l614:",,,,,,Hive,,,Empty(默认值),,,,,,,未分类,,,研发测试 Development Test,2024/12/12 16:00,MS11-4,,2024/12/12 16:00,,,,K65_CN,"1、访问域名或url：例如：staging.mifi.pt.xiaomi.com

2、访问方：例如：贷款超市合作方马上金融测试环境

3、源IP：","需求背景：
1、背景描述（或当前存在问题）：
2、落地项目平台（内部代号）

详细描述：
1、UI菜单位置：
2、多语言翻译（支持多少种）：
3、详细描述（需要考虑默认焦点）：
4、异常情况处理：

UX/UE链接：",,"内容：
下线原因：
需要下线的机器/job：",2024/12/12 16:00,2024/12/12 16:00,B,,,,,2024/12/12 11:25,NONE,NONE,NONE,,,2024/12/12 16:00,,,一供,,,,,,,,,,,,NONE,NONE,,,NONE,NONE,"1、描述域名业务用途：例如：***业务
2、意向域名：***.xiaomi.srv
3、提供后端机器名或job名：
4、提供开发端口：
5、是否同时注册其他后缀域名：
6、其他特殊要求：
","1、机器名：

2、访问外网原因：",,,,,NONE,NONE,NONE,,NONE,,,,,商务合作,,普通变更,2024/12/12 16:00,,"1、域名：

2、下线原因：例如：业务不再使用","1、描述域名业务用途：例如：***平台 或 ***api接口域名
2、域名使用方或调用方：例如：金融app客户端 或 金服研发人员
3、意向域名：   例如：api.mifi.pt.xiaomi.com
4、服务环境： 【staging】或【线上】或【preview】
5、访问范围：【公网】或【内网】
6、后端服务job名或英文简称：例如：mifi-pt-api
7、后端服务地址： 例如：c3-miui-fi-app02.bj:9582, c3-miui-fi-app03.bj:9582
8、如需多条转发规则，请在此说明清楚：例如：/api/ 开头的请求转发至mifi-pt-api，其余请求转发至nginx机器本地/home/work/bin/mifi-api-web-static/webapp/
9、其他特殊要求： 例如：超时时间设置为3分钟；支持websocket连接等","1.意向域名
2.是否同时注册其他后缀域名（例如：.net/.cn等，如有，请列举后缀）
3.以哪个公司开发票（米科？米移？等等；财务原则：与业务的财务归属保持一致，详询财务总账组）
4.费用分摊到哪个部门（基本与业务需求方的部门保持一致，详询BIMI团队）
5.是否需要保密，如是的话，域名则以个人名义注册
6.是否需要备案，如是请联系运维部王熙茜（wangxiqian@xiaomi.com)抄送sa-sys@xiaomi.com
7.是否需要纳入公司运维部域名管理系统维护（非IT职能部门的域名必须纳入），如是，请在域名申请后，发送邮件至运维部系统组sa-sys@xiaomi.com
8.是否有核准的商标在，如果需要申请新的商标名称请联系知识产权部付明月（fumingyue@xiaomi.com)
9.其他特殊要求","【问题描述】:
【产生时间】:
【具体原因】:
【影响范围】:(描述影响的请求数，用户量)
【临时解决方案】:(根本解决方案较复杂，短期难以实现情况下的临时解决方法)
【临时解决时间】:
【根本解决方案】:
【最终解决时间】:
【关健日志】: （描述问题的日志或记录）",,,,Others,,,,null,,NONE,24RC12-E4U3,,2024/12/12 16:00,,NONE,,2024/12/12 00:00,可用性,,否,,"测试项目:
测试方法:
ROM:
apk版本:
apk链接:
测试模块:
测试机型:",,代码bug,,,,,"<数据类型1>	<保留时间>
<数据类型2>	<保留时间>
<数据类型3>	<保留时间>

如果没有，填写不适用",N/A,,,否,,"输出的第三方公司名称	
输出的理由	
输出的数据类型（请上传数据字典）	
是否签署合同（提供数据保护附录( DPA）模板两种供下载：委托处理和数据共享两类，上传与对方协商确认后的DPA条款）	
监控第三方公司的技术措施（请描述，如抓包、限制权限）	
提供输出第三方的合法性证明（请提交隐私政策中相关描述或弹窗、提示样例等附隐私政策描述或弹窗提示）	
传输方式（请填写传输方式，如接口传输，数据导出等）	
	接口传输（请备注传输协议，数据加密方式）
	数据导出（请备注使用人员姓名）","1. 是否存在传输回大陆地区
  <是/否/不适用>
2. 是否存在其他国家间跨境数据传输
  <是/否>","如果有填写
1. 调用数据所属部门：
   <所属部门>
2. 调用数据所属业务系统：
   <业务系统>
3. 调用的数据表	
    3.1   云平台-数据工厂	<如果有 调用表的地址>
    3.2  云平台-MySQL	<如果有 调用表的地址>
     3.3 其它	<调用表的地址 调用的数据字典>",,"如存在匿名收集，请展开如下项填写			
字段名	字段类型	      字段注释	用途	匿名方式
<字段1 >  <字段类型1> <字段注释1> <用途1>  <匿名方式，如小米统计匿名方式>
<字段2 >  <字段类型2> <字段注释2> <用途2>  <匿名方式，如小米统计匿名方式>  


注：匿名收集是指用任何方式无法对应到一个用户或者一台设备，比如加密时增加了随机参数				",如果有请描述使用的数据类型和使用方式：,否,无,误报,适配已完成,否,"1、重装原因说明：

2、目标机器：

3、目标操作系统版本：

4、可操作时间：例如：随时 或 线下沟通约定",,,2024/12/12 16:00,2024/12/12 16:00,2024/12/12 16:00,,,,,,,,,ADD2 Vdebug_38231 ,PT车辆,,,,,yutingting9,,,E4U3,,,,"机器名(job/IP)：
安装路径：/usr/local/bin/ (默认)
安装包名：
安装命令：",,"请描述经过用户同意的方式：
1. 是否使用统一隐私政策，文本请参考https://www.mi.com/about/privacy/
   <是/否>
2. 使用独立隐私政策
   <是/否>
   <如果是独立政策，在这里填写独立隐私政策的链接地址, 如http://zzz.mi.com/zzzz >
   <如果是独立政策，这里填写 请附弹窗或提示的文案及产品样式图 的访问链接>
3. 服务器是否记录用户点击同意
   <是/否>
4. 隐私政策是否提供所有销售国家语种的版本
    <是/否>
5. 隐私政策在APP或系统设置的法律条款中可查看
    <是/否>
    <交互截图链接，或者附件名称>
6. 是否收集敏感数据，在弹窗中明示说明收集SPII
    <是/否>
    <如果是 这里填写 弹窗的文案及样式>
7. 在收集、披露或以其他方式使用儿童（注各国标准不同）个人信息之前，是否从父母或其他对儿童负有法律责任人处获得同意？ 
    <是/否>",否,"• 是	
	接入小米账号统一提供接口，请在附件提供前端UI截图
	    App中存在撤回同意入口（Withdraw Consent）
	收到用户要求可后台支持撤回同意
• 否	
	无海外版
        未完成","1、sftp环境或域名或IP：如 staging环境sftp  或 stagingsftp.pay.mipay.com  或 58.83.177.88:2222

2、使用场景： 例如： 上传下载影像文件、授权书、调额结果等文件

3、使用方：例如：贷款超市合作方马上金融

4、账号名： 例如:  lm_mashang

5、目录及权限： 例如：
/mi
mifi-loan-lm，RW
sftp-admin, RW
lm_mashang，R

/partner
mifi-loan-lm，RW
sftp-admin, RW
lm_mashang，RW

6、合作机构出口IP（通过公网访问时需要）：

7、数据保存时间：例如：1个月","1、机型套餐参考 ：http://xbudget.pt.xiaomi.com/

2、详细说明机器申请理由：

3、服务器配置(内存，CPU，磁盘，操作系统)：

4、套餐类型:",MI1.0,NONE,是,E4U3,,N/A,NONE,,,"1、背景及原因

2、源IP、源端口、网络协议、目的IP、目的端口：",,,,,,,,,,,生态链公司,0.0,,,,,,,MS11-5-800V,,,"1、机器：

2、服务：例如lcs-agent

3、如非标准服务，请提供下载和安装步骤说明。",软件问题,,,N/A,NONE,,jira-miliao-project,,,,,"此处填写部署步骤：
【1】order模块部署（示例）
git：git@v9.git.n.xiaomi.com:mijia-server/order.git
branch：dev
st job：job.order_service.order_servicegroup.shop_cluster.staging
",国内版,,,,,,待定,概率性偶发,,,2024/12/12 16:00,,,,,,,,待定,,0.0,,待定,,NONE,NONE,NONE,,,2024/12/12 16:00,2024/12/12 16:00,,NONE,,,2024/12/12 16:00,,,,,"Verification Version:

Verification Result:",请研发同事添加高通\MTK case ID,
【RPA泊出-武汉】手机自检成功后点击开始泊车，(车辆未动)点击三次继续后，提示遥控泊车已退出，车辆尚未上锁,AD-359402,1742874,故障,初步分析,AD,自动驾驶 面向量产 问题,software,zhaohongyi,,,重要,,dongjianhao,p-xuhuiling,ad-inf-data,2024/11/29 16:03,2024/12/20 16:50,2024/12/23 17:58,,泊车,2024/12/13 00:00,0,RPA,RPA泊出,车辆未上锁,,"【测试车辆】: {color:#000000}adr::car:prod:MS11-1:LKBQ8MF22VSYP8D01{color}
【Event Key】: {color:#000000}EVENT_KEY_TRIGGER_RPA_PARKING_EXCEPTION{color}
【Extension Key】: {color:#000000}RpaParkingOutException{color}
【车辆编号】: {color:#000000}V103{color}
【测试时间】: {color:#000000}2024-11-29 14:51:00~2024-11-29 14:51:34{color}
【原始数据切片-原始MCAP】: {color:#0000ff}[Event查看链接|https://cloud.evad.mioffice.cn/data/production-manage/event-list?event_id=2069139576&server=TJV1]{color}
【问题数据回放-MivizStudio】: {color:#0000ff}[Miviz Studio 在线可视化|https://prod-event-manage.evad.xiaomi.com/openapi/api/prod_event_web/v1/jira/redirect_studio?event_id=2069139576]{color}
【问题数据回放-SimView】: {color:#0000ff}[SimView可视化|https://prod-event-manage.evad.xiaomi.com/openapi/api/prod_event_web/v1/jira/redirect_simview?event_id=2069139576]{color}
【问题数据回放-SimView2Mp4】: 
【版本信息】: {color:#000000}manifest_mipilot_mbf_debug_35054_20241122_22_58_09.txt{color}
【场景标签】: 
【问题标签】: 
【根因标签】: 
【问题描述】: 
【日志链接】: {color:#0000ff}[Event查看链接|https://cloud.evad.mioffice.cn/data/production-manage/event-list?event_id=2069139576&server=TJV1]{color}
【Jenkins链接】: {color:#0000ff}[Jenkins链接|https://jenkins.evad.mioffice.cn/blue/organizations/jenkins/mipilot_mbf_debug/detail/mipilot_mbf_debug/35054/pipeline]{color}
【Event ID】: {color:#0000ff}[2069139576|https://cloud.evad.mioffice.cn/data/production-manage/event-list?event_id=2069139576&server=TJV1]{color}
【工作流】: {color:#0000ff}[查看工作流|https://cloud.evad.mioffice.cn/data/production-manage/event-list/workflow-detail?event_id=2069139576&server=TJV1]{color}
【车辆位置】: 
【城市】: 
【车辆状态】: 
【auto_tags标签】: 
【感知数据融合】: 
【AEB感知AutoTriage结果】: 
【AutoTriageMetrics下载链接】:

测试车辆：V103

测试人员：侯涛/陈景旖

地点：武汉

手机品牌/型号：小米14pro

手机APP版本：2024/11/28

DCD版本：S000002586006

SR版本：[1.7.48.5|http://1.7.48.5/]-sr_package_daily_369

测试数据表：[⁠‌​​‬‬​​​⁠​‌​​​​‍‌‬​​‬‍‍‬‌‍⁠​‬⁠​​⁠⁠‌⁠​​⁠​​‌RPA_RC12发版性能泛化测试记录表_低配 - 飞书云文档|https://xiaomi.f.mioffice.cn/sheets/shtk4HXO7bVukehsDWn2PE1PhYT?sheet=oCr9ul]

截图 !image-2024-11-29-16-06-46-716.png!!image-2024-11-29-16-06-54-125.png! 备注 !image-2024-11-29-16-07-06-769.png!",,ad-inf-data,,,,,,,,,,,,"2024/11/29 16:06;p-xuhuiling;image-2024-11-29-16-06-46-716.png;https://viim.ev.mi.com/secure/attachment/2299206/image-2024-11-29-16-06-46-716.png","2024/11/29 16:06;p-xuhuiling;image-2024-11-29-16-06-54-125.png;https://viim.ev.mi.com/secure/attachment/2299205/image-2024-11-29-16-06-54-125.png","2024/11/29 16:07;p-xuhuiling;image-2024-11-29-16-07-06-769.png;https://viim.ev.mi.com/secure/attachment/2299204/image-2024-11-29-16-07-06-769.png",,,2031/01/01 00:00,2024/11/29 16:03,2024/11/29 16:03,,BSP,,,,,,,To Do,,,,,,,"1、域名：
2、匹配规则：例如： /api/开头的请求
3、新增 或 删除规则：例如：新增
4、后端服务job名或英文简称：例如：mifi-pt-api
5、后端服务地址： 例如：c3-miui-fi-app02.bj:9582, c3-miui-fi-app03.bj:9582",,,,,,,,,,,泊车其他,,,,,,"0|i87b00:",,,,,,Hive,,,Empty(默认值),,,,,,,未分类,,,研发测试 Development Test,2024/11/29 16:03,MS11-1,,2024/11/29 16:03,,,,K65_CN,"1、访问域名或url：例如：staging.mifi.pt.xiaomi.com

2、访问方：例如：贷款超市合作方马上金融测试环境

3、源IP：","需求背景：
1、背景描述（或当前存在问题）：
2、落地项目平台（内部代号）

详细描述：
1、UI菜单位置：
2、多语言翻译（支持多少种）：
3、详细描述（需要考虑默认焦点）：
4、异常情况处理：

UX/UE链接：",,"内容：
下线原因：
需要下线的机器/job：",2024/11/29 16:03,2024/11/29 16:03,B,,,,,2024/11/29 14:51,NONE,NONE,NONE,,,2024/11/29 16:03,,,一供,,,,,,,,,,,,NONE,NONE,,,NONE,NONE,"1、描述域名业务用途：例如：***业务
2、意向域名：***.xiaomi.srv
3、提供后端机器名或job名：
4、提供开发端口：
5、是否同时注册其他后缀域名：
6、其他特殊要求：
","1、机器名：

2、访问外网原因：",,,,,NONE,NONE,NONE,,NONE,,,,,商务合作,,普通变更,2024/11/29 16:03,,"1、域名：

2、下线原因：例如：业务不再使用","1、描述域名业务用途：例如：***平台 或 ***api接口域名
2、域名使用方或调用方：例如：金融app客户端 或 金服研发人员
3、意向域名：   例如：api.mifi.pt.xiaomi.com
4、服务环境： 【staging】或【线上】或【preview】
5、访问范围：【公网】或【内网】
6、后端服务job名或英文简称：例如：mifi-pt-api
7、后端服务地址： 例如：c3-miui-fi-app02.bj:9582, c3-miui-fi-app03.bj:9582
8、如需多条转发规则，请在此说明清楚：例如：/api/ 开头的请求转发至mifi-pt-api，其余请求转发至nginx机器本地/home/work/bin/mifi-api-web-static/webapp/
9、其他特殊要求： 例如：超时时间设置为3分钟；支持websocket连接等","1.意向域名
2.是否同时注册其他后缀域名（例如：.net/.cn等，如有，请列举后缀）
3.以哪个公司开发票（米科？米移？等等；财务原则：与业务的财务归属保持一致，详询财务总账组）
4.费用分摊到哪个部门（基本与业务需求方的部门保持一致，详询BIMI团队）
5.是否需要保密，如是的话，域名则以个人名义注册
6.是否需要备案，如是请联系运维部王熙茜（wangxiqian@xiaomi.com)抄送sa-sys@xiaomi.com
7.是否需要纳入公司运维部域名管理系统维护（非IT职能部门的域名必须纳入），如是，请在域名申请后，发送邮件至运维部系统组sa-sys@xiaomi.com
8.是否有核准的商标在，如果需要申请新的商标名称请联系知识产权部付明月（fumingyue@xiaomi.com)
9.其他特殊要求","【问题描述】:
【产生时间】:
【具体原因】:
【影响范围】:(描述影响的请求数，用户量)
【临时解决方案】:(根本解决方案较复杂，短期难以实现情况下的临时解决方法)
【临时解决时间】:
【根本解决方案】:
【最终解决时间】:
【关健日志】: （描述问题的日志或记录）",,,,Others,,,,null,,NONE,24RC12-E4U3,,2024/11/29 16:03,,NONE,,2024/11/29 00:00,可用性,,否,,"测试项目:
测试方法:
ROM:
apk版本:
apk链接:
测试模块:
测试机型:",,代码bug,,,,,"<数据类型1>	<保留时间>
<数据类型2>	<保留时间>
<数据类型3>	<保留时间>

如果没有，填写不适用",N/A,,,否,,"输出的第三方公司名称	
输出的理由	
输出的数据类型（请上传数据字典）	
是否签署合同（提供数据保护附录( DPA）模板两种供下载：委托处理和数据共享两类，上传与对方协商确认后的DPA条款）	
监控第三方公司的技术措施（请描述，如抓包、限制权限）	
提供输出第三方的合法性证明（请提交隐私政策中相关描述或弹窗、提示样例等附隐私政策描述或弹窗提示）	
传输方式（请填写传输方式，如接口传输，数据导出等）	
	接口传输（请备注传输协议，数据加密方式）
	数据导出（请备注使用人员姓名）","1. 是否存在传输回大陆地区
  <是/否/不适用>
2. 是否存在其他国家间跨境数据传输
  <是/否>","如果有填写
1. 调用数据所属部门：
   <所属部门>
2. 调用数据所属业务系统：
   <业务系统>
3. 调用的数据表	
    3.1   云平台-数据工厂	<如果有 调用表的地址>
    3.2  云平台-MySQL	<如果有 调用表的地址>
     3.3 其它	<调用表的地址 调用的数据字典>",,"如存在匿名收集，请展开如下项填写			
字段名	字段类型	      字段注释	用途	匿名方式
<字段1 >  <字段类型1> <字段注释1> <用途1>  <匿名方式，如小米统计匿名方式>
<字段2 >  <字段类型2> <字段注释2> <用途2>  <匿名方式，如小米统计匿名方式>  


注：匿名收集是指用任何方式无法对应到一个用户或者一台设备，比如加密时增加了随机参数				",如果有请描述使用的数据类型和使用方式：,否,无,误报,适配已完成,否,"1、重装原因说明：

2、目标机器：

3、目标操作系统版本：

4、可操作时间：例如：随时 或 线下沟通约定",,,2024/11/29 16:03,2024/11/29 16:03,2024/11/29 16:03,,,,,,,,,ADD2 Vdebug 35054,PT车辆,,,,,yutingting9,,,E4U3,,,,"机器名(job/IP)：
安装路径：/usr/local/bin/ (默认)
安装包名：
安装命令：",,"请描述经过用户同意的方式：
1. 是否使用统一隐私政策，文本请参考https://www.mi.com/about/privacy/
   <是/否>
2. 使用独立隐私政策
   <是/否>
   <如果是独立政策，在这里填写独立隐私政策的链接地址, 如http://zzz.mi.com/zzzz >
   <如果是独立政策，这里填写 请附弹窗或提示的文案及产品样式图 的访问链接>
3. 服务器是否记录用户点击同意
   <是/否>
4. 隐私政策是否提供所有销售国家语种的版本
    <是/否>
5. 隐私政策在APP或系统设置的法律条款中可查看
    <是/否>
    <交互截图链接，或者附件名称>
6. 是否收集敏感数据，在弹窗中明示说明收集SPII
    <是/否>
    <如果是 这里填写 弹窗的文案及样式>
7. 在收集、披露或以其他方式使用儿童（注各国标准不同）个人信息之前，是否从父母或其他对儿童负有法律责任人处获得同意？ 
    <是/否>",否,"• 是	
	接入小米账号统一提供接口，请在附件提供前端UI截图
	    App中存在撤回同意入口（Withdraw Consent）
	收到用户要求可后台支持撤回同意
• 否	
	无海外版
        未完成","1、sftp环境或域名或IP：如 staging环境sftp  或 stagingsftp.pay.mipay.com  或 58.83.177.88:2222

2、使用场景： 例如： 上传下载影像文件、授权书、调额结果等文件

3、使用方：例如：贷款超市合作方马上金融

4、账号名： 例如:  lm_mashang

5、目录及权限： 例如：
/mi
mifi-loan-lm，RW
sftp-admin, RW
lm_mashang，R

/partner
mifi-loan-lm，RW
sftp-admin, RW
lm_mashang，RW

6、合作机构出口IP（通过公网访问时需要）：

7、数据保存时间：例如：1个月","1、机型套餐参考 ：http://xbudget.pt.xiaomi.com/

2、详细说明机器申请理由：

3、服务器配置(内存，CPU，磁盘，操作系统)：

4、套餐类型:",MI1.0,NONE,是,E4U3,,N/A,NONE,,,"1、背景及原因

2、源IP、源端口、网络协议、目的IP、目的端口：",,,,,,,,,,,生态链公司,0.0,,,,,,,MS11-5-800V,,,"1、机器：

2、服务：例如lcs-agent

3、如非标准服务，请提供下载和安装步骤说明。",软件问题,,,N/A,NONE,,jira-miliao-project,,,,,"此处填写部署步骤：
【1】order模块部署（示例）
git：git@v9.git.n.xiaomi.com:mijia-server/order.git
branch：dev
st job：job.order_service.order_servicegroup.shop_cluster.staging
",国内版,,,,,,待定,概率性偶发,,,2024/11/29 16:03,,,,,,,,待定,,0.0,,待定,,NONE,NONE,NONE,,,2024/11/29 16:03,2024/11/29 16:03,,NONE,,,2024/11/29 16:03,,,,,"Verification Version:

Verification Result:",请研发同事添加高通\MTK case ID,
【RPA泊出-武汉】冷启动泊出的过程中有顿挫,AD-357195,1730227,故障,初步分析,AD,自动驾驶 面向量产 问题,software,zhaohongyi,,,次要,,dongjianhao,p-xuhuiling,ad-inf-data,2024/11/27 18:22,2024/12/20 17:05,2024/12/23 17:58,,泊车,2024/12/11 00:00,0,RPA,RPA泊出,顿挫感明显,,"【测试车辆】: {color:#000000}adr::car:prod:MS11-5:LNBQJLWASEYRS3X95{color}
【Event Key】: {color:#000000}EVENT_KEY_TRIGGER_RPA_PARKING_EXCEPTION{color}
【Extension Key】: {color:#000000}RpaParkingOutException{color}
【车辆编号】: {color:#000000}PP062{color}
【测试时间】: {color:#000000}2024-11-27 16:05:18~2024-11-27 16:06:07{color}
【原始数据切片-原始MCAP】: {color:#0000ff}[Event查看链接|https://cloud.evad.mioffice.cn/data/production-manage/event-list?event_id=2047640562&server=TJV1]{color}
【问题数据回放-MivizStudio】: {color:#0000ff}[Miviz Studio 在线可视化|https://prod-event-manage.evad.xiaomi.com/openapi/api/prod_event_web/v1/jira/redirect_studio?event_id=2047640562]{color}
【问题数据回放-SimView】: {color:#0000ff}[SimView可视化|https://prod-event-manage.evad.xiaomi.com/openapi/api/prod_event_web/v1/jira/redirect_simview?event_id=2047640562]{color}
【问题数据回放-SimView2Mp4】: 
【版本信息】: {color:#000000}manifest_mipilot_mbf_debug_35005_20241122_17_55_18.txt{color}
【场景标签】: 
【问题标签】: 
【根因标签】: 
【问题描述】: 
【日志链接】: {color:#0000ff}[Event查看链接|https://cloud.evad.mioffice.cn/data/production-manage/event-list?event_id=2047640562&server=TJV1]{color}
【Jenkins链接】: {color:#0000ff}[Jenkins链接|https://jenkins.evad.mioffice.cn/blue/organizations/jenkins/mipilot_mbf_debug/detail/mipilot_mbf_debug/35005/pipeline]{color}
【Event ID】: {color:#0000ff}[2047640562|https://cloud.evad.mioffice.cn/data/production-manage/event-list?event_id=2047640562&server=TJV1]{color}
【工作流】: {color:#0000ff}[查看工作流|https://cloud.evad.mioffice.cn/data/production-manage/event-list/workflow-detail?event_id=2047640562&server=TJV1]{color}
【车辆位置】: 
【城市】: 
【车辆状态】: 
【auto_tags标签】: 
【感知数据融合】: 
【AEB感知AutoTriage结果】: 
【AutoTriageMetrics下载链接】:

测试员：关宏亮
|DCD：S000002586006|
|SR：1.7.47.4-RC12R6-sr_dcd_252|
|手机：红米turbo3|
|APP：micar_M_20241119_1025.apk|

表格链接：[‌​​​​​⁠‍​​‍​​‍‌​‌​​​​​​‌​​​​⁠​‌​​‬​​‍​​‌​​‬​‌​​|https://xiaomi.f.mioffice.cn/sheets/shtk4WYDH11PO1aBPFMeOu41IRi?sheet=0ci4J1] [‌​​​​​⁠‍​​‍​​‍‌​‌​​​​​​‌​​​​⁠​‌​​‬​​‍​​‌​​‬​‌​​RPA_RC12合入前验证泛化记录表_高配 - 飞书云文档|https://xiaomi.f.mioffice.cn/sheets/shtk4WYDH11PO1aBPFMeOu41IRi?sheet=1EwI00]
一键回传/拨杆：16:06:29
截图 !image-2024-11-27-18-24-14-899.png!",,ad-inf-data,,,,,,,,,,,,"2024/11/27 18:24;p-xuhuiling;image-2024-11-27-18-24-14-899.png;https://viim.ev.mi.com/secure/attachment/2282039/image-2024-11-27-18-24-14-899.png",,,,,2031/01/01 00:00,2024/11/27 18:22,2024/11/27 18:22,,BSP,,,,,,,To Do,,,,,,,"1、域名：
2、匹配规则：例如： /api/开头的请求
3、新增 或 删除规则：例如：新增
4、后端服务job名或英文简称：例如：mifi-pt-api
5、后端服务地址： 例如：c3-miui-fi-app02.bj:9582, c3-miui-fi-app03.bj:9582",,,,,,,,,,,泊车其他,,,,,,"0|i855fk:",,,,,,Hive,,,Empty(默认值),,,,,,,未分类,,,研发测试 Development Test,2024/11/27 18:22,MS11-5,,2024/11/27 18:22,,,,K65_CN,"1、访问域名或url：例如：staging.mifi.pt.xiaomi.com

2、访问方：例如：贷款超市合作方马上金融测试环境

3、源IP：","需求背景：
1、背景描述（或当前存在问题）：
2、落地项目平台（内部代号）

详细描述：
1、UI菜单位置：
2、多语言翻译（支持多少种）：
3、详细描述（需要考虑默认焦点）：
4、异常情况处理：

UX/UE链接：",,"内容：
下线原因：
需要下线的机器/job：",2024/11/27 18:22,2024/11/27 18:22,C,,,,,2024/11/27 16:05,NONE,NONE,NONE,,,2024/11/27 18:22,,,一供,,,,,,,,,,,,NONE,NONE,,,NONE,NONE,"1、描述域名业务用途：例如：***业务
2、意向域名：***.xiaomi.srv
3、提供后端机器名或job名：
4、提供开发端口：
5、是否同时注册其他后缀域名：
6、其他特殊要求：
","1、机器名：

2、访问外网原因：",,,,,NONE,NONE,NONE,,NONE,,,,,商务合作,,普通变更,2024/11/27 18:22,,"1、域名：

2、下线原因：例如：业务不再使用","1、描述域名业务用途：例如：***平台 或 ***api接口域名
2、域名使用方或调用方：例如：金融app客户端 或 金服研发人员
3、意向域名：   例如：api.mifi.pt.xiaomi.com
4、服务环境： 【staging】或【线上】或【preview】
5、访问范围：【公网】或【内网】
6、后端服务job名或英文简称：例如：mifi-pt-api
7、后端服务地址： 例如：c3-miui-fi-app02.bj:9582, c3-miui-fi-app03.bj:9582
8、如需多条转发规则，请在此说明清楚：例如：/api/ 开头的请求转发至mifi-pt-api，其余请求转发至nginx机器本地/home/work/bin/mifi-api-web-static/webapp/
9、其他特殊要求： 例如：超时时间设置为3分钟；支持websocket连接等","1.意向域名
2.是否同时注册其他后缀域名（例如：.net/.cn等，如有，请列举后缀）
3.以哪个公司开发票（米科？米移？等等；财务原则：与业务的财务归属保持一致，详询财务总账组）
4.费用分摊到哪个部门（基本与业务需求方的部门保持一致，详询BIMI团队）
5.是否需要保密，如是的话，域名则以个人名义注册
6.是否需要备案，如是请联系运维部王熙茜（wangxiqian@xiaomi.com)抄送sa-sys@xiaomi.com
7.是否需要纳入公司运维部域名管理系统维护（非IT职能部门的域名必须纳入），如是，请在域名申请后，发送邮件至运维部系统组sa-sys@xiaomi.com
8.是否有核准的商标在，如果需要申请新的商标名称请联系知识产权部付明月（fumingyue@xiaomi.com)
9.其他特殊要求","【问题描述】:
【产生时间】:
【具体原因】:
【影响范围】:(描述影响的请求数，用户量)
【临时解决方案】:(根本解决方案较复杂，短期难以实现情况下的临时解决方法)
【临时解决时间】:
【根本解决方案】:
【最终解决时间】:
【关健日志】: （描述问题的日志或记录）",,,,Others,,,,null,,NONE,24RC12-E4U3,,2024/11/27 18:22,,NONE,,2024/11/27 00:00,可用性,,否,,"测试项目:
测试方法:
ROM:
apk版本:
apk链接:
测试模块:
测试机型:",,代码bug,,,,,"<数据类型1>	<保留时间>
<数据类型2>	<保留时间>
<数据类型3>	<保留时间>

如果没有，填写不适用",N/A,,,否,,"输出的第三方公司名称	
输出的理由	
输出的数据类型（请上传数据字典）	
是否签署合同（提供数据保护附录( DPA）模板两种供下载：委托处理和数据共享两类，上传与对方协商确认后的DPA条款）	
监控第三方公司的技术措施（请描述，如抓包、限制权限）	
提供输出第三方的合法性证明（请提交隐私政策中相关描述或弹窗、提示样例等附隐私政策描述或弹窗提示）	
传输方式（请填写传输方式，如接口传输，数据导出等）	
	接口传输（请备注传输协议，数据加密方式）
	数据导出（请备注使用人员姓名）","1. 是否存在传输回大陆地区
  <是/否/不适用>
2. 是否存在其他国家间跨境数据传输
  <是/否>","如果有填写
1. 调用数据所属部门：
   <所属部门>
2. 调用数据所属业务系统：
   <业务系统>
3. 调用的数据表	
    3.1   云平台-数据工厂	<如果有 调用表的地址>
    3.2  云平台-MySQL	<如果有 调用表的地址>
     3.3 其它	<调用表的地址 调用的数据字典>",,"如存在匿名收集，请展开如下项填写			
字段名	字段类型	      字段注释	用途	匿名方式
<字段1 >  <字段类型1> <字段注释1> <用途1>  <匿名方式，如小米统计匿名方式>
<字段2 >  <字段类型2> <字段注释2> <用途2>  <匿名方式，如小米统计匿名方式>  


注：匿名收集是指用任何方式无法对应到一个用户或者一台设备，比如加密时增加了随机参数				",如果有请描述使用的数据类型和使用方式：,否,无,误报,适配已完成,否,"1、重装原因说明：

2、目标机器：

3、目标操作系统版本：

4、可操作时间：例如：随时 或 线下沟通约定",,,2024/11/27 18:22,2024/11/27 18:22,2024/11/27 18:22,,,,,,,,,ADD Vdebug_35005,PT车辆,,,,,yutingting9,,,E4U3,,,,"机器名(job/IP)：
安装路径：/usr/local/bin/ (默认)
安装包名：
安装命令：",,"请描述经过用户同意的方式：
1. 是否使用统一隐私政策，文本请参考https://www.mi.com/about/privacy/
   <是/否>
2. 使用独立隐私政策
   <是/否>
   <如果是独立政策，在这里填写独立隐私政策的链接地址, 如http://zzz.mi.com/zzzz >
   <如果是独立政策，这里填写 请附弹窗或提示的文案及产品样式图 的访问链接>
3. 服务器是否记录用户点击同意
   <是/否>
4. 隐私政策是否提供所有销售国家语种的版本
    <是/否>
5. 隐私政策在APP或系统设置的法律条款中可查看
    <是/否>
    <交互截图链接，或者附件名称>
6. 是否收集敏感数据，在弹窗中明示说明收集SPII
    <是/否>
    <如果是 这里填写 弹窗的文案及样式>
7. 在收集、披露或以其他方式使用儿童（注各国标准不同）个人信息之前，是否从父母或其他对儿童负有法律责任人处获得同意？ 
    <是/否>",否,"• 是	
	接入小米账号统一提供接口，请在附件提供前端UI截图
	    App中存在撤回同意入口（Withdraw Consent）
	收到用户要求可后台支持撤回同意
• 否	
	无海外版
        未完成","1、sftp环境或域名或IP：如 staging环境sftp  或 stagingsftp.pay.mipay.com  或 58.83.177.88:2222

2、使用场景： 例如： 上传下载影像文件、授权书、调额结果等文件

3、使用方：例如：贷款超市合作方马上金融

4、账号名： 例如:  lm_mashang

5、目录及权限： 例如：
/mi
mifi-loan-lm，RW
sftp-admin, RW
lm_mashang，R

/partner
mifi-loan-lm，RW
sftp-admin, RW
lm_mashang，RW

6、合作机构出口IP（通过公网访问时需要）：

7、数据保存时间：例如：1个月","1、机型套餐参考 ：http://xbudget.pt.xiaomi.com/

2、详细说明机器申请理由：

3、服务器配置(内存，CPU，磁盘，操作系统)：

4、套餐类型:",MI1.0,NONE,是,E4U3,,N/A,NONE,,,"1、背景及原因

2、源IP、源端口、网络协议、目的IP、目的端口：",,,,,,,,,,,生态链公司,0.0,,,,,,,MS11-5-800V,,,"1、机器：

2、服务：例如lcs-agent

3、如非标准服务，请提供下载和安装步骤说明。",软件问题,,,N/A,NONE,,jira-miliao-project,,,,,"此处填写部署步骤：
【1】order模块部署（示例）
git：git@v9.git.n.xiaomi.com:mijia-server/order.git
branch：dev
st job：job.order_service.order_servicegroup.shop_cluster.staging
",国内版,,,,,,待定,概率性偶发,,,2024/11/27 18:22,,,,,,,,待定,,0.0,,待定,,NONE,NONE,NONE,,,2024/11/27 18:22,2024/11/27 18:22,,NONE,,,2024/11/27 18:22,,,,,"Verification Version:

Verification Result:",请研发同事添加高通\MTK case ID,
【RPA泊出-武汉】冷启动泊出即将完成时急刹一次,AD-345046,1649661,故障,初步分析,AD,自动驾驶 面向量产 问题,software,zhaohongyi,,,重要,,dongjianhao,p-xuhuiling,ad-inf-data,2024/11/14 10:19,2024/11/18 10:07,2024/12/23 17:58,,泊车,2024/11/28 00:00,0,RPA,RPA泊出,中途急刹,,"【测试车辆】: {color:#000000}adr::car:prod:MS11-1:LVEQGKDMN34L4BKR5{color}
【Event Key】: {color:#000000}EVENT_KEY_TRIGGER_RPA_PARKING_EXCEPTION{color}
【Extension Key】: {color:#000000}RpaParkingOutException{color}
【车辆编号】: {color:#000000}MT108{color}
【测试时间】: {color:#000000}2024-11-13 21:38:10~2024-11-13 21:38:55{color}
【原始数据切片-原始MCAP】: {color:#0000ff}[Event查看链接|https://cloud.evad.mioffice.cn/data/production-manage/event-list?event_id=1898547281&server=TJV1]{color}
【问题数据回放-MivizStudio】: {color:#0000ff}[Miviz Studio 在线可视化|https://prod-event-manage.evad.xiaomi.com/openapi/api/prod_event_web/v1/jira/redirect_studio?event_id=1898547281]{color}
【问题数据回放-SimView】: {color:#0000ff}[SimView可视化|https://prod-event-manage.evad.xiaomi.com/openapi/api/prod_event_web/v1/jira/redirect_simview?event_id=1898547281]{color}
【问题数据回放-SimView2Mp4】: 
【版本信息】: {color:#000000}manifest_mipilot_mbf_1448_20241107_13_31_42.txt{color}
【场景标签】: 
【问题标签】: 
【根因标签】: 
【问题描述】: 
【日志链接】: {color:#0000ff}[Event查看链接|https://cloud.evad.mioffice.cn/data/production-manage/event-list?event_id=1898547281&server=TJV1]{color}
【Jenkins链接】: {color:#0000ff}[Jenkins链接|https://jenkins.evad.mioffice.cn/blue/organizations/jenkins/mipilot_mbf/detail/mipilot_mbf/1448/pipeline]{color}
【Event ID】: {color:#0000ff}[1898547281|https://cloud.evad.mioffice.cn/data/production-manage/event-list?event_id=1898547281&server=TJV1]{color}
【工作流】: {color:#0000ff}[查看工作流|https://cloud.evad.mioffice.cn/data/production-manage/event-list/workflow-detail?event_id=1898547281&server=TJV1]{color}
【车辆位置】: 
【城市】: 
【车辆状态】: 
【auto_tags标签】: 
【感知数据融合】: 
【AEB感知AutoTriage结果】: 
【AutoTriageMetrics下载链接】:

测试时间：{*}2024/11/13{*}

测试车辆：{*}MT108{*}

测试地点：{*}武汉{*}

测试员：{*}常海博{*}

手机：{*}小米{*}

手机APP版本：{*}2024/9/12{*}

SR：1.7.45.5-RC12R5-sr_dcd_250

DCD：{*}S000002586003{*}

表格链接：[‌⁠​‍​​​⁠​​​​​​‬‬​​​​‍​‌​​​‍⁠​​​⁠​‬​‬​​⁠‬​​​‬RPA_RC12发版性能泛化测试记录表_低配 - 飞书云文档|https://xiaomi.f.mioffice.cn/sheets/shtk4HXO7bVukehsDWn2PE1PhYT?sheet=Yqq1uw]

视频/日志：[对象存储（FDS）控制台 - 小米融合云|https://cloud.mioffice.cn/#/product/file-store/objects/data-storage/Veh_Parking/MT108/2024-11-13]

数据
拨杆按键时间：21:39:21
截图 !image-2024-11-14-10-19-51-497.png!",,ad-inf-data,zhongzhuo,,,,,,,,,,,"2024/11/14 10:19;p-xuhuiling;image-2024-11-14-10-19-51-497.png;https://viim.ev.mi.com/secure/attachment/2182297/image-2024-11-14-10-19-51-497.png",,,,,2031/01/01 00:00,2024/11/14 10:19,2024/11/14 10:19,,BSP,,,,,,,To Do,,,,,,,"1、域名：
2、匹配规则：例如： /api/开头的请求
3、新增 或 删除规则：例如：新增
4、后端服务job名或英文简称：例如：mifi-pt-api
5、后端服务地址： 例如：c3-miui-fi-app02.bj:9582, c3-miui-fi-app03.bj:9582",,,,,,,,,,,泊车其他,,,,,,"0|i7rdfs:",,,,,,Hive,,,Empty(默认值),,,,,,,未分类,,,研发测试 Development Test,2024/11/14 10:19,MS11-1,,2024/11/14 10:19,,,MS11-1+ADD2 V22.0.2-Release+stable.20241107,K65_CN,"1、访问域名或url：例如：staging.mifi.pt.xiaomi.com

2、访问方：例如：贷款超市合作方马上金融测试环境

3、源IP：","需求背景：
1、背景描述（或当前存在问题）：
2、落地项目平台（内部代号）

详细描述：
1、UI菜单位置：
2、多语言翻译（支持多少种）：
3、详细描述（需要考虑默认焦点）：
4、异常情况处理：

UX/UE链接：",,"内容：
下线原因：
需要下线的机器/job：",2024/11/14 10:19,2024/11/14 10:19,B,,,,,2024/11/13 21:38,NONE,NONE,NONE,,,2024/11/14 10:19,,,一供,,,,,,,,,,,,NONE,NONE,,,NONE,NONE,"1、描述域名业务用途：例如：***业务
2、意向域名：***.xiaomi.srv
3、提供后端机器名或job名：
4、提供开发端口：
5、是否同时注册其他后缀域名：
6、其他特殊要求：
","1、机器名：

2、访问外网原因：",,,,,NONE,NONE,NONE,,NONE,,,,,商务合作,,普通变更,2024/11/14 10:19,,"1、域名：

2、下线原因：例如：业务不再使用","1、描述域名业务用途：例如：***平台 或 ***api接口域名
2、域名使用方或调用方：例如：金融app客户端 或 金服研发人员
3、意向域名：   例如：api.mifi.pt.xiaomi.com
4、服务环境： 【staging】或【线上】或【preview】
5、访问范围：【公网】或【内网】
6、后端服务job名或英文简称：例如：mifi-pt-api
7、后端服务地址： 例如：c3-miui-fi-app02.bj:9582, c3-miui-fi-app03.bj:9582
8、如需多条转发规则，请在此说明清楚：例如：/api/ 开头的请求转发至mifi-pt-api，其余请求转发至nginx机器本地/home/work/bin/mifi-api-web-static/webapp/
9、其他特殊要求： 例如：超时时间设置为3分钟；支持websocket连接等","1.意向域名
2.是否同时注册其他后缀域名（例如：.net/.cn等，如有，请列举后缀）
3.以哪个公司开发票（米科？米移？等等；财务原则：与业务的财务归属保持一致，详询财务总账组）
4.费用分摊到哪个部门（基本与业务需求方的部门保持一致，详询BIMI团队）
5.是否需要保密，如是的话，域名则以个人名义注册
6.是否需要备案，如是请联系运维部王熙茜（wangxiqian@xiaomi.com)抄送sa-sys@xiaomi.com
7.是否需要纳入公司运维部域名管理系统维护（非IT职能部门的域名必须纳入），如是，请在域名申请后，发送邮件至运维部系统组sa-sys@xiaomi.com
8.是否有核准的商标在，如果需要申请新的商标名称请联系知识产权部付明月（fumingyue@xiaomi.com)
9.其他特殊要求","【问题描述】:
【产生时间】:
【具体原因】:
【影响范围】:(描述影响的请求数，用户量)
【临时解决方案】:(根本解决方案较复杂，短期难以实现情况下的临时解决方法)
【临时解决时间】:
【根本解决方案】:
【最终解决时间】:
【关健日志】: （描述问题的日志或记录）",,,,Others,,,,null,,NONE,24RC12-E4U3,,2024/11/14 10:19,,NONE,,2024/11/14 00:00,可用性,,否,,"测试项目:
测试方法:
ROM:
apk版本:
apk链接:
测试模块:
测试机型:",,代码bug,,,,,"<数据类型1>	<保留时间>
<数据类型2>	<保留时间>
<数据类型3>	<保留时间>

如果没有，填写不适用",N/A,,,否,,"输出的第三方公司名称	
输出的理由	
输出的数据类型（请上传数据字典）	
是否签署合同（提供数据保护附录( DPA）模板两种供下载：委托处理和数据共享两类，上传与对方协商确认后的DPA条款）	
监控第三方公司的技术措施（请描述，如抓包、限制权限）	
提供输出第三方的合法性证明（请提交隐私政策中相关描述或弹窗、提示样例等附隐私政策描述或弹窗提示）	
传输方式（请填写传输方式，如接口传输，数据导出等）	
	接口传输（请备注传输协议，数据加密方式）
	数据导出（请备注使用人员姓名）","1. 是否存在传输回大陆地区
  <是/否/不适用>
2. 是否存在其他国家间跨境数据传输
  <是/否>","如果有填写
1. 调用数据所属部门：
   <所属部门>
2. 调用数据所属业务系统：
   <业务系统>
3. 调用的数据表	
    3.1   云平台-数据工厂	<如果有 调用表的地址>
    3.2  云平台-MySQL	<如果有 调用表的地址>
     3.3 其它	<调用表的地址 调用的数据字典>",,"如存在匿名收集，请展开如下项填写			
字段名	字段类型	      字段注释	用途	匿名方式
<字段1 >  <字段类型1> <字段注释1> <用途1>  <匿名方式，如小米统计匿名方式>
<字段2 >  <字段类型2> <字段注释2> <用途2>  <匿名方式，如小米统计匿名方式>  


注：匿名收集是指用任何方式无法对应到一个用户或者一台设备，比如加密时增加了随机参数				",如果有请描述使用的数据类型和使用方式：,否,无,误报,适配已完成,否,"1、重装原因说明：

2、目标机器：

3、目标操作系统版本：

4、可操作时间：例如：随时 或 线下沟通约定",,,2024/11/14 10:19,2024/11/14 10:19,2024/11/14 10:19,,,,,,,,,ADD2 V22.0.2,PT车辆,,,,,yutingting9,,,E4U3,,,,"机器名(job/IP)：
安装路径：/usr/local/bin/ (默认)
安装包名：
安装命令：",,"请描述经过用户同意的方式：
1. 是否使用统一隐私政策，文本请参考https://www.mi.com/about/privacy/
   <是/否>
2. 使用独立隐私政策
   <是/否>
   <如果是独立政策，在这里填写独立隐私政策的链接地址, 如http://zzz.mi.com/zzzz >
   <如果是独立政策，这里填写 请附弹窗或提示的文案及产品样式图 的访问链接>
3. 服务器是否记录用户点击同意
   <是/否>
4. 隐私政策是否提供所有销售国家语种的版本
    <是/否>
5. 隐私政策在APP或系统设置的法律条款中可查看
    <是/否>
    <交互截图链接，或者附件名称>
6. 是否收集敏感数据，在弹窗中明示说明收集SPII
    <是/否>
    <如果是 这里填写 弹窗的文案及样式>
7. 在收集、披露或以其他方式使用儿童（注各国标准不同）个人信息之前，是否从父母或其他对儿童负有法律责任人处获得同意？ 
    <是/否>",否,"• 是	
	接入小米账号统一提供接口，请在附件提供前端UI截图
	    App中存在撤回同意入口（Withdraw Consent）
	收到用户要求可后台支持撤回同意
• 否	
	无海外版
        未完成","1、sftp环境或域名或IP：如 staging环境sftp  或 stagingsftp.pay.mipay.com  或 58.83.177.88:2222

2、使用场景： 例如： 上传下载影像文件、授权书、调额结果等文件

3、使用方：例如：贷款超市合作方马上金融

4、账号名： 例如:  lm_mashang

5、目录及权限： 例如：
/mi
mifi-loan-lm，RW
sftp-admin, RW
lm_mashang，R

/partner
mifi-loan-lm，RW
sftp-admin, RW
lm_mashang，RW

6、合作机构出口IP（通过公网访问时需要）：

7、数据保存时间：例如：1个月","1、机型套餐参考 ：http://xbudget.pt.xiaomi.com/

2、详细说明机器申请理由：

3、服务器配置(内存，CPU，磁盘，操作系统)：

4、套餐类型:",MI1.0,NONE,是,E4U3,,N/A,NONE,,,"1、背景及原因

2、源IP、源端口、网络协议、目的IP、目的端口：",,,,,,,,,,,生态链公司,0.0,,,,,,,MS11-5-800V,,,"1、机器：

2、服务：例如lcs-agent

3、如非标准服务，请提供下载和安装步骤说明。",软件问题,,,N/A,NONE,,jira-miliao-project,,,,,"此处填写部署步骤：
【1】order模块部署（示例）
git：git@v9.git.n.xiaomi.com:mijia-server/order.git
branch：dev
st job：job.order_service.order_servicegroup.shop_cluster.staging
",国内版,,,,,,待定,概率性偶发,,,2024/11/14 10:19,,,,,,,,待定,,0.0,,待定,,NONE,NONE,NONE,,,2024/11/14 10:19,2024/11/14 10:19,,NONE,,,2024/11/14 10:19,,,,,"Verification Version:

Verification Result:",请研发同事添加高通\MTK case ID,"2024/11/18 10:07;zhongzhuo;决策没啥变化，下发的加速度-0.55，但是imu_acc有-2.78，有空看下怎么回事;;;"
【RPA泊出-武汉】泊入过程中，中途急刹 ,AD-342891,1634927,故障,初步分析,AD,自动驾驶 面向量产 问题,software,zhaohongyi,,,重要,,dongjianhao,p-chenjiale7,ad-inf-data,2024/11/12 10:26,2024/11/13 16:42,2024/12/23 17:58,,泊车,2024/11/26 00:00,0,RPA,RPA泊出,中途急刹,,"【测试车辆】: {color:#000000}adr::car:prod:MS11-1:LVEQGKDMN34L4BKR5{color}
【Event Key】: {color:#000000}EVENT_KEY_TRIGGER_RPA_PARKING_EXCEPTION{color}
【Extension Key】: {color:#000000}RpaParkingOutException{color}
【车辆编号】: {color:#000000}MT108{color}
【测试时间】: {color:#000000}2024-11-11 21:14:27~2024-11-11 21:15:10{color}
【原始数据切片-原始MCAP】: {color:#0000ff}[Event查看链接|https://cloud.evad.mioffice.cn/data/production-manage/event-list?event_id=1878600904&server=TJV1]{color}
【问题数据回放-MivizStudio】: {color:#0000ff}[Miviz Studio 在线可视化|https://prod-event-manage.evad.xiaomi.com/openapi/api/prod_event_web/v1/jira/redirect_studio?event_id=1878600904]{color}
【问题数据回放-SimView】: {color:#0000ff}[SimView可视化|https://prod-event-manage.evad.xiaomi.com/openapi/api/prod_event_web/v1/jira/redirect_simview?event_id=1878600904]{color}
【问题数据回放-SimView2Mp4】: 
【版本信息】: {color:#000000}manifest_mipilot_mbf_1448_20241107_13_31_42.txt{color}
【场景标签】: 
【问题标签】: 
【根因标签】: 
【问题描述】: 
【日志链接】: {color:#0000ff}[Event查看链接|https://cloud.evad.mioffice.cn/data/production-manage/event-list?event_id=1878600904&server=TJV1]{color}
【Jenkins链接】: {color:#0000ff}[Jenkins链接|https://jenkins.evad.mioffice.cn/blue/organizations/jenkins/mipilot_mbf/detail/mipilot_mbf/1448/pipeline]{color}
【Event ID】: {color:#0000ff}[1878600904|https://cloud.evad.mioffice.cn/data/production-manage/event-list?event_id=1878600904&server=TJV1]{color}
【工作流】: {color:#0000ff}[查看工作流|https://cloud.evad.mioffice.cn/data/production-manage/event-list/workflow-detail?event_id=1878600904&server=TJV1]{color}
【车辆位置】: 
【城市】: 
【车辆状态】: 
【auto_tags标签】: 
【感知数据融合】: 
【AEB感知AutoTriage结果】: 
【AutoTriageMetrics下载链接】:

测试时间：{*}2024/11/11{*}

测试车辆：{*}MT108{*}

测试地点：武汉

测试员：常海博

手机：华为

手机APP版本：2024/9/12

SR：[1.7.45.3|http://1.7.45.3/]-RC12R3-sr_dcd_245

DCD：S000002586002

表格链接：[‌‌‍​​⁠⁠‬⁠​​⁠​‬​​‬​⁠​​​​‬​​​‬‍‌​​​​​‍‬​​​‌​‬​​‍RPA_RC12发版性能泛化测试记录表_低配 - 飞书云文档|https://xiaomi.f.mioffice.cn/sheets/shtk4HXO7bVukehsDWn2PE1PhYT?sheet=oyA68c]

数据：
{color:#1f2329}Logging2024-11-11_21-00-35{color}
{color:#1f2329}video_50{color}
{color:#1f2329}video_ 50.1{color}
{color:#1f2329}拨杆按键时间：21:15:55{color}
{color:#1f2329}备注： !image-2024-11-12-10-28-19-510.png!{color}
{color:#1f2329}!image-2024-11-12-10-28-29-732.png!{color}",,ad-inf-data,p-wupei7,,,,,,,,,,,"2024/11/12 10:28;p-chenjiale7;image-2024-11-12-10-28-19-510.png;https://viim.ev.mi.com/secure/attachment/2163565/image-2024-11-12-10-28-19-510.png","2024/11/12 10:28;p-chenjiale7;image-2024-11-12-10-28-29-732.png;https://viim.ev.mi.com/secure/attachment/2163564/image-2024-11-12-10-28-29-732.png","2024/11/13 16:42;p-wupei7;image-2024-11-13-16-42-23-719.png;https://viim.ev.mi.com/secure/attachment/2177867/image-2024-11-13-16-42-23-719.png",,,2031/01/01 00:00,2024/11/12 10:26,2024/11/12 10:26,,BSP,,,,,,,To Do,,,,,,,"1、域名：
2、匹配规则：例如： /api/开头的请求
3、新增 或 删除规则：例如：新增
4、后端服务job名或英文简称：例如：mifi-pt-api
5、后端服务地址： 例如：c3-miui-fi-app02.bj:9582, c3-miui-fi-app03.bj:9582",,,,,,,,,,,泊车其他,,,,,,"0|i7ouio:",,,,,,Hive,,,Empty(默认值),,,,,,,未分类,,,研发测试 Development Test,2024/11/12 10:26,MS11-1,,2024/11/12 10:26,,,MS11-1+ADD2 V22.0.2-Release+stable.20241107,K65_CN,"1、访问域名或url：例如：staging.mifi.pt.xiaomi.com

2、访问方：例如：贷款超市合作方马上金融测试环境

3、源IP：","需求背景：
1、背景描述（或当前存在问题）：
2、落地项目平台（内部代号）

详细描述：
1、UI菜单位置：
2、多语言翻译（支持多少种）：
3、详细描述（需要考虑默认焦点）：
4、异常情况处理：

UX/UE链接：",,"内容：
下线原因：
需要下线的机器/job：",2024/11/12 10:26,2024/11/12 10:26,B,,,,,2024/11/11 21:14,NONE,NONE,NONE,,,2024/11/12 10:26,,,一供,,,,,,,,,,,,NONE,NONE,,,NONE,NONE,"1、描述域名业务用途：例如：***业务
2、意向域名：***.xiaomi.srv
3、提供后端机器名或job名：
4、提供开发端口：
5、是否同时注册其他后缀域名：
6、其他特殊要求：
","1、机器名：

2、访问外网原因：",,,,,NONE,NONE,NONE,,NONE,,,,,商务合作,,普通变更,2024/11/12 10:26,,"1、域名：

2、下线原因：例如：业务不再使用","1、描述域名业务用途：例如：***平台 或 ***api接口域名
2、域名使用方或调用方：例如：金融app客户端 或 金服研发人员
3、意向域名：   例如：api.mifi.pt.xiaomi.com
4、服务环境： 【staging】或【线上】或【preview】
5、访问范围：【公网】或【内网】
6、后端服务job名或英文简称：例如：mifi-pt-api
7、后端服务地址： 例如：c3-miui-fi-app02.bj:9582, c3-miui-fi-app03.bj:9582
8、如需多条转发规则，请在此说明清楚：例如：/api/ 开头的请求转发至mifi-pt-api，其余请求转发至nginx机器本地/home/work/bin/mifi-api-web-static/webapp/
9、其他特殊要求： 例如：超时时间设置为3分钟；支持websocket连接等","1.意向域名
2.是否同时注册其他后缀域名（例如：.net/.cn等，如有，请列举后缀）
3.以哪个公司开发票（米科？米移？等等；财务原则：与业务的财务归属保持一致，详询财务总账组）
4.费用分摊到哪个部门（基本与业务需求方的部门保持一致，详询BIMI团队）
5.是否需要保密，如是的话，域名则以个人名义注册
6.是否需要备案，如是请联系运维部王熙茜（wangxiqian@xiaomi.com)抄送sa-sys@xiaomi.com
7.是否需要纳入公司运维部域名管理系统维护（非IT职能部门的域名必须纳入），如是，请在域名申请后，发送邮件至运维部系统组sa-sys@xiaomi.com
8.是否有核准的商标在，如果需要申请新的商标名称请联系知识产权部付明月（fumingyue@xiaomi.com)
9.其他特殊要求","【问题描述】:
【产生时间】:
【具体原因】:
【影响范围】:(描述影响的请求数，用户量)
【临时解决方案】:(根本解决方案较复杂，短期难以实现情况下的临时解决方法)
【临时解决时间】:
【根本解决方案】:
【最终解决时间】:
【关健日志】: （描述问题的日志或记录）",,,,Others,,,,null,,NONE,24RC12-E4U3,,2024/11/12 10:26,,NONE,,2024/11/12 00:00,可用性,,否,,"测试项目:
测试方法:
ROM:
apk版本:
apk链接:
测试模块:
测试机型:",,代码bug,,,,,"<数据类型1>	<保留时间>
<数据类型2>	<保留时间>
<数据类型3>	<保留时间>

如果没有，填写不适用",N/A,,,否,,"输出的第三方公司名称	
输出的理由	
输出的数据类型（请上传数据字典）	
是否签署合同（提供数据保护附录( DPA）模板两种供下载：委托处理和数据共享两类，上传与对方协商确认后的DPA条款）	
监控第三方公司的技术措施（请描述，如抓包、限制权限）	
提供输出第三方的合法性证明（请提交隐私政策中相关描述或弹窗、提示样例等附隐私政策描述或弹窗提示）	
传输方式（请填写传输方式，如接口传输，数据导出等）	
	接口传输（请备注传输协议，数据加密方式）
	数据导出（请备注使用人员姓名）","1. 是否存在传输回大陆地区
  <是/否/不适用>
2. 是否存在其他国家间跨境数据传输
  <是/否>","如果有填写
1. 调用数据所属部门：
   <所属部门>
2. 调用数据所属业务系统：
   <业务系统>
3. 调用的数据表	
    3.1   云平台-数据工厂	<如果有 调用表的地址>
    3.2  云平台-MySQL	<如果有 调用表的地址>
     3.3 其它	<调用表的地址 调用的数据字典>",,"如存在匿名收集，请展开如下项填写			
字段名	字段类型	      字段注释	用途	匿名方式
<字段1 >  <字段类型1> <字段注释1> <用途1>  <匿名方式，如小米统计匿名方式>
<字段2 >  <字段类型2> <字段注释2> <用途2>  <匿名方式，如小米统计匿名方式>  


注：匿名收集是指用任何方式无法对应到一个用户或者一台设备，比如加密时增加了随机参数				",如果有请描述使用的数据类型和使用方式：,否,无,误报,适配已完成,否,"1、重装原因说明：

2、目标机器：

3、目标操作系统版本：

4、可操作时间：例如：随时 或 线下沟通约定",,,2024/11/12 10:26,2024/11/12 10:26,2024/11/12 10:26,,,,,,,,, ADD2 V22.0.2 ,PT车辆,,,,,yutingting9,,,E4U3,,,,"机器名(job/IP)：
安装路径：/usr/local/bin/ (默认)
安装包名：
安装命令：",,"请描述经过用户同意的方式：
1. 是否使用统一隐私政策，文本请参考https://www.mi.com/about/privacy/
   <是/否>
2. 使用独立隐私政策
   <是/否>
   <如果是独立政策，在这里填写独立隐私政策的链接地址, 如http://zzz.mi.com/zzzz >
   <如果是独立政策，这里填写 请附弹窗或提示的文案及产品样式图 的访问链接>
3. 服务器是否记录用户点击同意
   <是/否>
4. 隐私政策是否提供所有销售国家语种的版本
    <是/否>
5. 隐私政策在APP或系统设置的法律条款中可查看
    <是/否>
    <交互截图链接，或者附件名称>
6. 是否收集敏感数据，在弹窗中明示说明收集SPII
    <是/否>
    <如果是 这里填写 弹窗的文案及样式>
7. 在收集、披露或以其他方式使用儿童（注各国标准不同）个人信息之前，是否从父母或其他对儿童负有法律责任人处获得同意？ 
    <是/否>",否,"• 是	
	接入小米账号统一提供接口，请在附件提供前端UI截图
	    App中存在撤回同意入口（Withdraw Consent）
	收到用户要求可后台支持撤回同意
• 否	
	无海外版
        未完成","1、sftp环境或域名或IP：如 staging环境sftp  或 stagingsftp.pay.mipay.com  或 58.83.177.88:2222

2、使用场景： 例如： 上传下载影像文件、授权书、调额结果等文件

3、使用方：例如：贷款超市合作方马上金融

4、账号名： 例如:  lm_mashang

5、目录及权限： 例如：
/mi
mifi-loan-lm，RW
sftp-admin, RW
lm_mashang，R

/partner
mifi-loan-lm，RW
sftp-admin, RW
lm_mashang，RW

6、合作机构出口IP（通过公网访问时需要）：

7、数据保存时间：例如：1个月","1、机型套餐参考 ：http://xbudget.pt.xiaomi.com/

2、详细说明机器申请理由：

3、服务器配置(内存，CPU，磁盘，操作系统)：

4、套餐类型:",MI1.0,NONE,是,E4U3,,N/A,NONE,,,"1、背景及原因

2、源IP、源端口、网络协议、目的IP、目的端口：",,,,,,,,,,,生态链公司,0.0,,,,,,,MS11-5-800V,,,"1、机器：

2、服务：例如lcs-agent

3、如非标准服务，请提供下载和安装步骤说明。",软件问题,,,N/A,NONE,,jira-miliao-project,,,,,"此处填写部署步骤：
【1】order模块部署（示例）
git：git@v9.git.n.xiaomi.com:mijia-server/order.git
branch：dev
st job：job.order_service.order_servicegroup.shop_cluster.staging
",国内版,,,,,,待定,概率性偶发,,,2024/11/12 10:26,,,,,,,,待定,,0.0,,待定,,NONE,NONE,NONE,,,2024/11/12 10:26,2024/11/12 10:26,,NONE,,,2024/11/12 10:26,,,,,"Verification Version:

Verification Result:",请研发同事添加高通\MTK case ID,"2024/11/13 16:42;p-wupei7;麻烦看看控制误差是否符合预期

!image-2024-11-13-16-42-23-719.png|width=1103,height=586!;;;"
【RPA泊出-武汉】泊入过程中，中途急刹,AD-342886,1635010,故障,初步分析,AD,自动驾驶 面向量产 问题,software,zhaohongyi,,,重要,,dongjianhao,p-chenjiale7,ad-inf-data,2024/11/12 10:24,2024/11/12 11:01,2024/12/23 17:58,,泊车,2024/11/26 00:00,0,RPA,RPA泊出,中途急刹,,"【测试车辆】: {color:#000000}adr::car:prod:MS11-1:LVEQGKDMN34L4BKR5{color}
【Event Key】: {color:#000000}EVENT_KEY_TRIGGER_RPA_PARKING_EXCEPTION{color}
【Extension Key】: {color:#000000}RpaParkingException{color}
【车辆编号】: {color:#000000}MT108{color}
【测试时间】: {color:#000000}2024-11-11 20:59:28~2024-11-11 21:00:19{color}
【原始数据切片-原始MCAP】: {color:#0000ff}[Event查看链接|https://cloud.evad.mioffice.cn/data/production-manage/event-list?event_id=1878600268&server=TJV1]{color}
【问题数据回放-MivizStudio】: {color:#0000ff}[Miviz Studio 在线可视化|https://prod-event-manage.evad.xiaomi.com/openapi/api/prod_event_web/v1/jira/redirect_studio?event_id=1878600268]{color}
【问题数据回放-SimView】: {color:#0000ff}[SimView可视化|https://prod-event-manage.evad.xiaomi.com/openapi/api/prod_event_web/v1/jira/redirect_simview?event_id=1878600268]{color}
【问题数据回放-SimView2Mp4】: 
【版本信息】: {color:#000000}manifest_mipilot_mbf_1448_20241107_13_31_42.txt{color}
【场景标签】: 
【问题标签】: 
【根因标签】: 
【问题描述】: 
【日志链接】: {color:#0000ff}[Event查看链接|https://cloud.evad.mioffice.cn/data/production-manage/event-list?event_id=1878600268&server=TJV1]{color}
【Jenkins链接】: {color:#0000ff}[Jenkins链接|https://jenkins.evad.mioffice.cn/blue/organizations/jenkins/mipilot_mbf/detail/mipilot_mbf/1448/pipeline]{color}
【Event ID】: {color:#0000ff}[1878600268|https://cloud.evad.mioffice.cn/data/production-manage/event-list?event_id=1878600268&server=TJV1]{color}
【工作流】: {color:#0000ff}[查看工作流|https://cloud.evad.mioffice.cn/data/production-manage/event-list/workflow-detail?event_id=1878600268&server=TJV1]{color}
【车辆位置】: 
【城市】: 
【车辆状态】: 
【auto_tags标签】: 
【感知数据融合】: 
【AEB感知AutoTriage结果】: 
【AutoTriageMetrics下载链接】:

测试时间：{*}2024/11/11{*}

测试车辆：{*}MT108{*}

测试地点：武汉

测试员：常海博

手机：华为

手机APP版本：2024/9/12

SR：[1.7.45.3|http://1.7.45.3/]-RC12R3-sr_dcd_245

DCD：S000002586002

表格链接：[‌‌‍​​⁠⁠‬⁠​​⁠​‬​​‬​⁠​​​​‬​​​‬‍‌​​​​​‍‬​​​‌​‬​​‍RPA_RC12发版性能泛化测试记录表_低配 - 飞书云文档|https://xiaomi.f.mioffice.cn/sheets/shtk4HXO7bVukehsDWn2PE1PhYT?sheet=oyA68c]

数据：
{color:#1f2329}Logging2024-11-11_20-59-36{color}
{color:#1f2329}video_49{color}
{color:#1f2329}video_ 49.1{color}
{color:#1f2329}拨杆按键时间：21:00:49{color}
{color:#1f2329}备注： !image-2024-11-12-10-25-47-882.png!{color}
{color:#1f2329}!image-2024-11-12-10-25-57-123.png!{color}",,ad-inf-data,zhongzhuo,,,,,,,,,,,"2024/11/12 10:25;p-chenjiale7;image-2024-11-12-10-25-47-882.png;https://viim.ev.mi.com/secure/attachment/2163530/image-2024-11-12-10-25-47-882.png","2024/11/12 10:25;p-chenjiale7;image-2024-11-12-10-25-57-123.png;https://viim.ev.mi.com/secure/attachment/2163529/image-2024-11-12-10-25-57-123.png","2024/11/12 11:00;zhongzhuo;image-2024-11-12-11-00-54-297.png;https://viim.ev.mi.com/secure/attachment/2164068/image-2024-11-12-11-00-54-297.png",,,2031/01/01 00:00,2024/11/12 10:24,2024/11/12 10:24,,BSP,,,,,,,To Do,,,,,,,"1、域名：
2、匹配规则：例如： /api/开头的请求
3、新增 或 删除规则：例如：新增
4、后端服务job名或英文简称：例如：mifi-pt-api
5、后端服务地址： 例如：c3-miui-fi-app02.bj:9582, c3-miui-fi-app03.bj:9582",,,,,,,,,,,泊车其他,,,,,,"0|i7ouf4:",,,,,,Hive,,,Empty(默认值),,,,,,,未分类,,,研发测试 Development Test,2024/11/12 10:24,MS11-1,,2024/11/12 10:24,,,MS11-1+ADD2 V22.0.2-Release+stable.20241107,K65_CN,"1、访问域名或url：例如：staging.mifi.pt.xiaomi.com

2、访问方：例如：贷款超市合作方马上金融测试环境

3、源IP：","需求背景：
1、背景描述（或当前存在问题）：
2、落地项目平台（内部代号）

详细描述：
1、UI菜单位置：
2、多语言翻译（支持多少种）：
3、详细描述（需要考虑默认焦点）：
4、异常情况处理：

UX/UE链接：",,"内容：
下线原因：
需要下线的机器/job：",2024/11/12 10:24,2024/11/12 10:24,B,,,,,2024/11/11 20:59,NONE,NONE,NONE,,,2024/11/12 10:24,,,一供,,,,,,,,,,,,NONE,NONE,,,NONE,NONE,"1、描述域名业务用途：例如：***业务
2、意向域名：***.xiaomi.srv
3、提供后端机器名或job名：
4、提供开发端口：
5、是否同时注册其他后缀域名：
6、其他特殊要求：
","1、机器名：

2、访问外网原因：",,,,,NONE,NONE,NONE,,NONE,,,,,商务合作,,普通变更,2024/11/12 10:24,,"1、域名：

2、下线原因：例如：业务不再使用","1、描述域名业务用途：例如：***平台 或 ***api接口域名
2、域名使用方或调用方：例如：金融app客户端 或 金服研发人员
3、意向域名：   例如：api.mifi.pt.xiaomi.com
4、服务环境： 【staging】或【线上】或【preview】
5、访问范围：【公网】或【内网】
6、后端服务job名或英文简称：例如：mifi-pt-api
7、后端服务地址： 例如：c3-miui-fi-app02.bj:9582, c3-miui-fi-app03.bj:9582
8、如需多条转发规则，请在此说明清楚：例如：/api/ 开头的请求转发至mifi-pt-api，其余请求转发至nginx机器本地/home/work/bin/mifi-api-web-static/webapp/
9、其他特殊要求： 例如：超时时间设置为3分钟；支持websocket连接等","1.意向域名
2.是否同时注册其他后缀域名（例如：.net/.cn等，如有，请列举后缀）
3.以哪个公司开发票（米科？米移？等等；财务原则：与业务的财务归属保持一致，详询财务总账组）
4.费用分摊到哪个部门（基本与业务需求方的部门保持一致，详询BIMI团队）
5.是否需要保密，如是的话，域名则以个人名义注册
6.是否需要备案，如是请联系运维部王熙茜（wangxiqian@xiaomi.com)抄送sa-sys@xiaomi.com
7.是否需要纳入公司运维部域名管理系统维护（非IT职能部门的域名必须纳入），如是，请在域名申请后，发送邮件至运维部系统组sa-sys@xiaomi.com
8.是否有核准的商标在，如果需要申请新的商标名称请联系知识产权部付明月（fumingyue@xiaomi.com)
9.其他特殊要求","【问题描述】:
【产生时间】:
【具体原因】:
【影响范围】:(描述影响的请求数，用户量)
【临时解决方案】:(根本解决方案较复杂，短期难以实现情况下的临时解决方法)
【临时解决时间】:
【根本解决方案】:
【最终解决时间】:
【关健日志】: （描述问题的日志或记录）",,,,Others,,,,null,,NONE,24RC12-E4U3,,2024/11/12 10:24,,NONE,,2024/11/12 00:00,可用性,,否,,"测试项目:
测试方法:
ROM:
apk版本:
apk链接:
测试模块:
测试机型:",,代码bug,,,,,"<数据类型1>	<保留时间>
<数据类型2>	<保留时间>
<数据类型3>	<保留时间>

如果没有，填写不适用",N/A,,,否,,"输出的第三方公司名称	
输出的理由	
输出的数据类型（请上传数据字典）	
是否签署合同（提供数据保护附录( DPA）模板两种供下载：委托处理和数据共享两类，上传与对方协商确认后的DPA条款）	
监控第三方公司的技术措施（请描述，如抓包、限制权限）	
提供输出第三方的合法性证明（请提交隐私政策中相关描述或弹窗、提示样例等附隐私政策描述或弹窗提示）	
传输方式（请填写传输方式，如接口传输，数据导出等）	
	接口传输（请备注传输协议，数据加密方式）
	数据导出（请备注使用人员姓名）","1. 是否存在传输回大陆地区
  <是/否/不适用>
2. 是否存在其他国家间跨境数据传输
  <是/否>","如果有填写
1. 调用数据所属部门：
   <所属部门>
2. 调用数据所属业务系统：
   <业务系统>
3. 调用的数据表	
    3.1   云平台-数据工厂	<如果有 调用表的地址>
    3.2  云平台-MySQL	<如果有 调用表的地址>
     3.3 其它	<调用表的地址 调用的数据字典>",,"如存在匿名收集，请展开如下项填写			
字段名	字段类型	      字段注释	用途	匿名方式
<字段1 >  <字段类型1> <字段注释1> <用途1>  <匿名方式，如小米统计匿名方式>
<字段2 >  <字段类型2> <字段注释2> <用途2>  <匿名方式，如小米统计匿名方式>  


注：匿名收集是指用任何方式无法对应到一个用户或者一台设备，比如加密时增加了随机参数				",如果有请描述使用的数据类型和使用方式：,否,无,误报,适配已完成,否,"1、重装原因说明：

2、目标机器：

3、目标操作系统版本：

4、可操作时间：例如：随时 或 线下沟通约定",,,2024/11/12 10:24,2024/11/12 10:24,2024/11/12 10:24,,,,,,,,, ADD2 V22.0.2 ,PT车辆,,,,,yutingting9,,,E4U3,,,,"机器名(job/IP)：
安装路径：/usr/local/bin/ (默认)
安装包名：
安装命令：",,"请描述经过用户同意的方式：
1. 是否使用统一隐私政策，文本请参考https://www.mi.com/about/privacy/
   <是/否>
2. 使用独立隐私政策
   <是/否>
   <如果是独立政策，在这里填写独立隐私政策的链接地址, 如http://zzz.mi.com/zzzz >
   <如果是独立政策，这里填写 请附弹窗或提示的文案及产品样式图 的访问链接>
3. 服务器是否记录用户点击同意
   <是/否>
4. 隐私政策是否提供所有销售国家语种的版本
    <是/否>
5. 隐私政策在APP或系统设置的法律条款中可查看
    <是/否>
    <交互截图链接，或者附件名称>
6. 是否收集敏感数据，在弹窗中明示说明收集SPII
    <是/否>
    <如果是 这里填写 弹窗的文案及样式>
7. 在收集、披露或以其他方式使用儿童（注各国标准不同）个人信息之前，是否从父母或其他对儿童负有法律责任人处获得同意？ 
    <是/否>",否,"• 是	
	接入小米账号统一提供接口，请在附件提供前端UI截图
	    App中存在撤回同意入口（Withdraw Consent）
	收到用户要求可后台支持撤回同意
• 否	
	无海外版
        未完成","1、sftp环境或域名或IP：如 staging环境sftp  或 stagingsftp.pay.mipay.com  或 58.83.177.88:2222

2、使用场景： 例如： 上传下载影像文件、授权书、调额结果等文件

3、使用方：例如：贷款超市合作方马上金融

4、账号名： 例如:  lm_mashang

5、目录及权限： 例如：
/mi
mifi-loan-lm，RW
sftp-admin, RW
lm_mashang，R

/partner
mifi-loan-lm，RW
sftp-admin, RW
lm_mashang，RW

6、合作机构出口IP（通过公网访问时需要）：

7、数据保存时间：例如：1个月","1、机型套餐参考 ：http://xbudget.pt.xiaomi.com/

2、详细说明机器申请理由：

3、服务器配置(内存，CPU，磁盘，操作系统)：

4、套餐类型:",MI1.0,NONE,是,E4U3,,N/A,NONE,,,"1、背景及原因

2、源IP、源端口、网络协议、目的IP、目的端口：",,,,,,,,,,,生态链公司,0.0,,,,,,,MS11-5-800V,,,"1、机器：

2、服务：例如lcs-agent

3、如非标准服务，请提供下载和安装步骤说明。",软件问题,,,N/A,NONE,,jira-miliao-project,,,,,"此处填写部署步骤：
【1】order模块部署（示例）
git：git@v9.git.n.xiaomi.com:mijia-server/order.git
branch：dev
st job：job.order_service.order_servicegroup.shop_cluster.staging
",国内版,,,,,,待定,概率性偶发,,,2024/11/12 10:24,,,,,,,,待定,,0.0,,待定,,NONE,NONE,NONE,,,2024/11/12 10:24,2024/11/12 10:24,,NONE,,,2024/11/12 10:24,,,,,"Verification Version:

Verification Result:",请研发同事添加高通\MTK case ID,"2024/11/12 11:01;zhongzhuo;!image-2024-11-12-11-00-54-297.png|width=270,height=200! 距离终点17cm时。下发了-4的减速度，决策没变化，帮忙看下是否符合预期;;;"
【RPA泊出-武汉】泊出过程中顿挫，体感不佳,AD-341239,1626366,故障,初步分析,AD,自动驾驶 面向量产 问题,software,zhaohongyi,,,次要,,dongjianhao,p-chenjiale7,ad-inf-data,2024/11/10 14:24,2024/11/10 14:25,2024/12/23 17:58,,泊车,2024/11/24 00:00,0,RPA,RPA泊出,顿挫感明显,,"【测试车辆】: {color:#000000}adr::car:prod:MS11-4:LVEQXJFYWLJPSAWH7{color}
【Event Key】: {color:#000000}EVENT_KEY_TRIGGER_RPA_PARKING_EXCEPTION{color}
【Extension Key】: {color:#000000}RpaParkingException{color}
【车辆编号】: {color:#000000}MT089{color}
【测试时间】: {color:#000000}2024-11-09 17:04:11~2024-11-09 17:05:28{color}
【原始数据切片-原始MCAP】: {color:#0000ff}[Event查看链接|https://cloud.evad.mioffice.cn/data/production-manage/event-list?event_id=1855011576&server=TJV1]{color}
【问题数据回放-MivizStudio】: {color:#0000ff}[Miviz Studio 在线可视化|https://prod-event-manage.evad.xiaomi.com/openapi/api/prod_event_web/v1/jira/redirect_studio?event_id=1855011576]{color}
【问题数据回放-SimView】: {color:#0000ff}[SimView可视化|https://prod-event-manage.evad.xiaomi.com/openapi/api/prod_event_web/v1/jira/redirect_simview?event_id=1855011576]{color}
【问题数据回放-SimView2Mp4】: 
【版本信息】: {color:#000000}manifest_mipilot_mbf_debug_32609_20241108_12_02_49.txt{color}
【场景标签】: 
【问题标签】: 
【根因标签】: 
【问题描述】: 
【日志链接】: {color:#0000ff}[Event查看链接|https://cloud.evad.mioffice.cn/data/production-manage/event-list?event_id=1855011576&server=TJV1]{color}
【Jenkins链接】: {color:#0000ff}[Jenkins链接|https://jenkins.evad.mioffice.cn/blue/organizations/jenkins/mipilot_mbf_debug/detail/mipilot_mbf_debug/32609/pipeline]{color}
【Event ID】: {color:#0000ff}[1855011576|https://cloud.evad.mioffice.cn/data/production-manage/event-list?event_id=1855011576&server=TJV1]{color}
【工作流】: {color:#0000ff}[查看工作流|https://cloud.evad.mioffice.cn/data/production-manage/event-list/workflow-detail?event_id=1855011576&server=TJV1]{color}
【车辆位置】: 
【城市】: 
【车辆状态】: 
【auto_tags标签】: 
【感知数据融合】: 
【AEB感知AutoTriage结果】: 
【AutoTriageMetrics下载链接】:

测试车辆：{color:#1f2329}*MT089*{color}

测试时间：{color:#1f2329}*2024/11/9*{color}

测试地点：武汉

测试手机：{color:#1f2329}*一加ACE2*{color}

手机APP版本：{color:#1f2329}*micar_M_20240912_2200.apk*{color}

测试人员：{color:#1f2329}*关宏亮*{color}

SR：{color:#f54a45}1.7.45.3-RC12R3-sr_dcd_245{color}

DCD：{color:#1f2329}*S000002586002*{color}

表格链接：[https://xiaomi.f.mioffice.cn/sheets/shtk443KusrRZrAf4zHc6xf47hb?sheet=vgmG0X]

数据：
{color:#1f2329}video_45{color}
{color:#1f2329}video_5.1{color}
{color:#1f2329}拨杆/一键回传17:05:44{color}
{color:#1f2329}2024-11-09_17-04-15{color}",,ad-inf-data,,,,,,,,,,,,,,,,,2031/01/01 00:00,2024/11/10 14:24,2024/11/10 14:24,,BSP,,,,,,,To Do,,,,,,,"1、域名：
2、匹配规则：例如： /api/开头的请求
3、新增 或 删除规则：例如：新增
4、后端服务job名或英文简称：例如：mifi-pt-api
5、后端服务地址： 例如：c3-miui-fi-app02.bj:9582, c3-miui-fi-app03.bj:9582",,,,,,,,,,,泊车其他,,,,,,"0|i7ndj4:",,,,,,Hive,,,Empty(默认值),,,,,,,未分类,,,研发测试 Development Test,2024/11/10 14:24,MS11-4,,2024/11/10 14:24,,,,K65_CN,"1、访问域名或url：例如：staging.mifi.pt.xiaomi.com

2、访问方：例如：贷款超市合作方马上金融测试环境

3、源IP：","需求背景：
1、背景描述（或当前存在问题）：
2、落地项目平台（内部代号）

详细描述：
1、UI菜单位置：
2、多语言翻译（支持多少种）：
3、详细描述（需要考虑默认焦点）：
4、异常情况处理：

UX/UE链接：",,"内容：
下线原因：
需要下线的机器/job：",2024/11/10 14:24,2024/11/10 14:24,C,,,,,2024/11/09 17:04,NONE,NONE,NONE,,,2024/11/10 14:24,,,一供,,,,,,,,,,,,NONE,NONE,,,NONE,NONE,"1、描述域名业务用途：例如：***业务
2、意向域名：***.xiaomi.srv
3、提供后端机器名或job名：
4、提供开发端口：
5、是否同时注册其他后缀域名：
6、其他特殊要求：
","1、机器名：

2、访问外网原因：",,,,,NONE,NONE,NONE,,NONE,,,,,商务合作,,普通变更,2024/11/10 14:24,,"1、域名：

2、下线原因：例如：业务不再使用","1、描述域名业务用途：例如：***平台 或 ***api接口域名
2、域名使用方或调用方：例如：金融app客户端 或 金服研发人员
3、意向域名：   例如：api.mifi.pt.xiaomi.com
4、服务环境： 【staging】或【线上】或【preview】
5、访问范围：【公网】或【内网】
6、后端服务job名或英文简称：例如：mifi-pt-api
7、后端服务地址： 例如：c3-miui-fi-app02.bj:9582, c3-miui-fi-app03.bj:9582
8、如需多条转发规则，请在此说明清楚：例如：/api/ 开头的请求转发至mifi-pt-api，其余请求转发至nginx机器本地/home/work/bin/mifi-api-web-static/webapp/
9、其他特殊要求： 例如：超时时间设置为3分钟；支持websocket连接等","1.意向域名
2.是否同时注册其他后缀域名（例如：.net/.cn等，如有，请列举后缀）
3.以哪个公司开发票（米科？米移？等等；财务原则：与业务的财务归属保持一致，详询财务总账组）
4.费用分摊到哪个部门（基本与业务需求方的部门保持一致，详询BIMI团队）
5.是否需要保密，如是的话，域名则以个人名义注册
6.是否需要备案，如是请联系运维部王熙茜（wangxiqian@xiaomi.com)抄送sa-sys@xiaomi.com
7.是否需要纳入公司运维部域名管理系统维护（非IT职能部门的域名必须纳入），如是，请在域名申请后，发送邮件至运维部系统组sa-sys@xiaomi.com
8.是否有核准的商标在，如果需要申请新的商标名称请联系知识产权部付明月（fumingyue@xiaomi.com)
9.其他特殊要求","【问题描述】:
【产生时间】:
【具体原因】:
【影响范围】:(描述影响的请求数，用户量)
【临时解决方案】:(根本解决方案较复杂，短期难以实现情况下的临时解决方法)
【临时解决时间】:
【根本解决方案】:
【最终解决时间】:
【关健日志】: （描述问题的日志或记录）",,,,Others,,,,null,,NONE,24RC12-E4U3,,2024/11/10 14:24,,NONE,,2024/11/10 00:00,可用性,,否,,"测试项目:
测试方法:
ROM:
apk版本:
apk链接:
测试模块:
测试机型:",,代码bug,,,,,"<数据类型1>	<保留时间>
<数据类型2>	<保留时间>
<数据类型3>	<保留时间>

如果没有，填写不适用",N/A,,,否,,"输出的第三方公司名称	
输出的理由	
输出的数据类型（请上传数据字典）	
是否签署合同（提供数据保护附录( DPA）模板两种供下载：委托处理和数据共享两类，上传与对方协商确认后的DPA条款）	
监控第三方公司的技术措施（请描述，如抓包、限制权限）	
提供输出第三方的合法性证明（请提交隐私政策中相关描述或弹窗、提示样例等附隐私政策描述或弹窗提示）	
传输方式（请填写传输方式，如接口传输，数据导出等）	
	接口传输（请备注传输协议，数据加密方式）
	数据导出（请备注使用人员姓名）","1. 是否存在传输回大陆地区
  <是/否/不适用>
2. 是否存在其他国家间跨境数据传输
  <是/否>","如果有填写
1. 调用数据所属部门：
   <所属部门>
2. 调用数据所属业务系统：
   <业务系统>
3. 调用的数据表	
    3.1   云平台-数据工厂	<如果有 调用表的地址>
    3.2  云平台-MySQL	<如果有 调用表的地址>
     3.3 其它	<调用表的地址 调用的数据字典>",,"如存在匿名收集，请展开如下项填写			
字段名	字段类型	      字段注释	用途	匿名方式
<字段1 >  <字段类型1> <字段注释1> <用途1>  <匿名方式，如小米统计匿名方式>
<字段2 >  <字段类型2> <字段注释2> <用途2>  <匿名方式，如小米统计匿名方式>  


注：匿名收集是指用任何方式无法对应到一个用户或者一台设备，比如加密时增加了随机参数				",如果有请描述使用的数据类型和使用方式：,否,无,误报,适配已完成,否,"1、重装原因说明：

2、目标机器：

3、目标操作系统版本：

4、可操作时间：例如：随时 或 线下沟通约定",,,2024/11/10 14:24,2024/11/10 14:24,2024/11/10 14:24,,,,,,,,, ADD2 Vdebug_32609 ,PT车辆,,,,,yutingting9,,,E4U3,,,,"机器名(job/IP)：
安装路径：/usr/local/bin/ (默认)
安装包名：
安装命令：",,"请描述经过用户同意的方式：
1. 是否使用统一隐私政策，文本请参考https://www.mi.com/about/privacy/
   <是/否>
2. 使用独立隐私政策
   <是/否>
   <如果是独立政策，在这里填写独立隐私政策的链接地址, 如http://zzz.mi.com/zzzz >
   <如果是独立政策，这里填写 请附弹窗或提示的文案及产品样式图 的访问链接>
3. 服务器是否记录用户点击同意
   <是/否>
4. 隐私政策是否提供所有销售国家语种的版本
    <是/否>
5. 隐私政策在APP或系统设置的法律条款中可查看
    <是/否>
    <交互截图链接，或者附件名称>
6. 是否收集敏感数据，在弹窗中明示说明收集SPII
    <是/否>
    <如果是 这里填写 弹窗的文案及样式>
7. 在收集、披露或以其他方式使用儿童（注各国标准不同）个人信息之前，是否从父母或其他对儿童负有法律责任人处获得同意？ 
    <是/否>",否,"• 是	
	接入小米账号统一提供接口，请在附件提供前端UI截图
	    App中存在撤回同意入口（Withdraw Consent）
	收到用户要求可后台支持撤回同意
• 否	
	无海外版
        未完成","1、sftp环境或域名或IP：如 staging环境sftp  或 stagingsftp.pay.mipay.com  或 58.83.177.88:2222

2、使用场景： 例如： 上传下载影像文件、授权书、调额结果等文件

3、使用方：例如：贷款超市合作方马上金融

4、账号名： 例如:  lm_mashang

5、目录及权限： 例如：
/mi
mifi-loan-lm，RW
sftp-admin, RW
lm_mashang，R

/partner
mifi-loan-lm，RW
sftp-admin, RW
lm_mashang，RW

6、合作机构出口IP（通过公网访问时需要）：

7、数据保存时间：例如：1个月","1、机型套餐参考 ：http://xbudget.pt.xiaomi.com/

2、详细说明机器申请理由：

3、服务器配置(内存，CPU，磁盘，操作系统)：

4、套餐类型:",MI1.0,NONE,是,E4U3,,N/A,NONE,,,"1、背景及原因

2、源IP、源端口、网络协议、目的IP、目的端口：",,,,,,,,,,,生态链公司,0.0,,,,,,,MS11-5-800V,,,"1、机器：

2、服务：例如lcs-agent

3、如非标准服务，请提供下载和安装步骤说明。",软件问题,,,N/A,NONE,,jira-miliao-project,,,,,"此处填写部署步骤：
【1】order模块部署（示例）
git：git@v9.git.n.xiaomi.com:mijia-server/order.git
branch：dev
st job：job.order_service.order_servicegroup.shop_cluster.staging
",国内版,,,,,,待定,概率性偶发,,,2024/11/10 14:24,,,,,,,,待定,,0.0,,待定,,NONE,NONE,NONE,,,2024/11/10 14:24,2024/11/10 14:24,,NONE,,,2024/11/10 14:24,,,,,"Verification Version:

Verification Result:",请研发同事添加高通\MTK case ID,
【RPA泊出-武汉】泊出过程中顿挫，体感不佳,AD-341235,1626285,故障,初步分析,AD,自动驾驶 面向量产 问题,software,zhaohongyi,,,次要,,dongjianhao,p-chenjiale7,ad-inf-data,2024/11/10 14:23,2024/11/10 14:24,2024/12/23 17:58,,泊车,2024/11/24 00:00,0,RPA,RPA泊出,顿挫感明显,,"【测试车辆】: {color:#000000}adr::car:prod:MS11-4:LVEQXJFYWLJPSAWH7{color}
【Event Key】: {color:#000000}EVENT_KEY_TRIGGER_RPA_PARKING_EXCEPTION{color}
【Extension Key】: {color:#000000}RpaParkingOutException{color}
【车辆编号】: {color:#000000}MT089{color}
【测试时间】: {color:#000000}2024-11-09 17:02:06~2024-11-09 17:03:07{color}
【原始数据切片-原始MCAP】: {color:#0000ff}[Event查看链接|https://cloud.evad.mioffice.cn/data/production-manage/event-list?event_id=1855011483&server=TJV1]{color}
【问题数据回放-MivizStudio】: {color:#0000ff}[Miviz Studio 在线可视化|https://prod-event-manage.evad.xiaomi.com/openapi/api/prod_event_web/v1/jira/redirect_studio?event_id=1855011483]{color}
【问题数据回放-SimView】: {color:#0000ff}[SimView可视化|https://prod-event-manage.evad.xiaomi.com/openapi/api/prod_event_web/v1/jira/redirect_simview?event_id=1855011483]{color}
【问题数据回放-SimView2Mp4】: 
【版本信息】: {color:#000000}manifest_mipilot_mbf_debug_32609_20241108_12_02_49.txt{color}
【场景标签】: 
【问题标签】: 
【根因标签】: 
【问题描述】: 
【日志链接】: {color:#0000ff}[Event查看链接|https://cloud.evad.mioffice.cn/data/production-manage/event-list?event_id=1855011483&server=TJV1]{color}
【Jenkins链接】: {color:#0000ff}[Jenkins链接|https://jenkins.evad.mioffice.cn/blue/organizations/jenkins/mipilot_mbf_debug/detail/mipilot_mbf_debug/32609/pipeline]{color}
【Event ID】: {color:#0000ff}[1855011483|https://cloud.evad.mioffice.cn/data/production-manage/event-list?event_id=1855011483&server=TJV1]{color}
【工作流】: {color:#0000ff}[查看工作流|https://cloud.evad.mioffice.cn/data/production-manage/event-list/workflow-detail?event_id=1855011483&server=TJV1]{color}
【车辆位置】: 
【城市】: 
【车辆状态】: 
【auto_tags标签】: 
【感知数据融合】: 
【AEB感知AutoTriage结果】: 
【AutoTriageMetrics下载链接】:

测试车辆：{color:#1f2329}*MT089*{color}

测试时间：{color:#1f2329}*2024/11/9*{color}

测试地点：武汉

测试手机：{color:#1f2329}*一加ACE2*{color}

手机APP版本：{color:#1f2329}*micar_M_20240912_2200.apk*{color}

测试人员：{color:#1f2329}*关宏亮*{color}

SR：{color:#f54a45}1.7.45.3-RC12R3-sr_dcd_245{color}

DCD：{color:#1f2329}*S000002586002*{color}

表格链接：[https://xiaomi.f.mioffice.cn/sheets/shtk443KusrRZrAf4zHc6xf47hb?sheet=vgmG0X]

数据：
{color:#1f2329}video_44{color}
{color:#1f2329}video_44.1{color}
{color:#1f2329}拨杆/一键回传17:03:26{color}
{color:#1f2329}2024-11-09_17-02-25{color}",,ad-inf-data,,,,,,,,,,,,,,,,,2031/01/01 00:00,2024/11/10 14:23,2024/11/10 14:23,,BSP,,,,,,,To Do,,,,,,,"1、域名：
2、匹配规则：例如： /api/开头的请求
3、新增 或 删除规则：例如：新增
4、后端服务job名或英文简称：例如：mifi-pt-api
5、后端服务地址： 例如：c3-miui-fi-app02.bj:9582, c3-miui-fi-app03.bj:9582",,,,,,,,,,,泊车其他,,,,,,"0|i7ndgw:",,,,,,Hive,,,Empty(默认值),,,,,,,未分类,,,研发测试 Development Test,2024/11/10 14:23,MS11-4,,2024/11/10 14:23,,,,K65_CN,"1、访问域名或url：例如：staging.mifi.pt.xiaomi.com

2、访问方：例如：贷款超市合作方马上金融测试环境

3、源IP：","需求背景：
1、背景描述（或当前存在问题）：
2、落地项目平台（内部代号）

详细描述：
1、UI菜单位置：
2、多语言翻译（支持多少种）：
3、详细描述（需要考虑默认焦点）：
4、异常情况处理：

UX/UE链接：",,"内容：
下线原因：
需要下线的机器/job：",2024/11/10 14:23,2024/11/10 14:23,C,,,,,2024/11/09 17:02,NONE,NONE,NONE,,,2024/11/10 14:23,,,一供,,,,,,,,,,,,NONE,NONE,,,NONE,NONE,"1、描述域名业务用途：例如：***业务
2、意向域名：***.xiaomi.srv
3、提供后端机器名或job名：
4、提供开发端口：
5、是否同时注册其他后缀域名：
6、其他特殊要求：
","1、机器名：

2、访问外网原因：",,,,,NONE,NONE,NONE,,NONE,,,,,商务合作,,普通变更,2024/11/10 14:23,,"1、域名：

2、下线原因：例如：业务不再使用","1、描述域名业务用途：例如：***平台 或 ***api接口域名
2、域名使用方或调用方：例如：金融app客户端 或 金服研发人员
3、意向域名：   例如：api.mifi.pt.xiaomi.com
4、服务环境： 【staging】或【线上】或【preview】
5、访问范围：【公网】或【内网】
6、后端服务job名或英文简称：例如：mifi-pt-api
7、后端服务地址： 例如：c3-miui-fi-app02.bj:9582, c3-miui-fi-app03.bj:9582
8、如需多条转发规则，请在此说明清楚：例如：/api/ 开头的请求转发至mifi-pt-api，其余请求转发至nginx机器本地/home/work/bin/mifi-api-web-static/webapp/
9、其他特殊要求： 例如：超时时间设置为3分钟；支持websocket连接等","1.意向域名
2.是否同时注册其他后缀域名（例如：.net/.cn等，如有，请列举后缀）
3.以哪个公司开发票（米科？米移？等等；财务原则：与业务的财务归属保持一致，详询财务总账组）
4.费用分摊到哪个部门（基本与业务需求方的部门保持一致，详询BIMI团队）
5.是否需要保密，如是的话，域名则以个人名义注册
6.是否需要备案，如是请联系运维部王熙茜（wangxiqian@xiaomi.com)抄送sa-sys@xiaomi.com
7.是否需要纳入公司运维部域名管理系统维护（非IT职能部门的域名必须纳入），如是，请在域名申请后，发送邮件至运维部系统组sa-sys@xiaomi.com
8.是否有核准的商标在，如果需要申请新的商标名称请联系知识产权部付明月（fumingyue@xiaomi.com)
9.其他特殊要求","【问题描述】:
【产生时间】:
【具体原因】:
【影响范围】:(描述影响的请求数，用户量)
【临时解决方案】:(根本解决方案较复杂，短期难以实现情况下的临时解决方法)
【临时解决时间】:
【根本解决方案】:
【最终解决时间】:
【关健日志】: （描述问题的日志或记录）",,,,Others,,,,null,,NONE,24RC12-E4U3,,2024/11/10 14:23,,NONE,,2024/11/10 00:00,可用性,,否,,"测试项目:
测试方法:
ROM:
apk版本:
apk链接:
测试模块:
测试机型:",,代码bug,,,,,"<数据类型1>	<保留时间>
<数据类型2>	<保留时间>
<数据类型3>	<保留时间>

如果没有，填写不适用",N/A,,,否,,"输出的第三方公司名称	
输出的理由	
输出的数据类型（请上传数据字典）	
是否签署合同（提供数据保护附录( DPA）模板两种供下载：委托处理和数据共享两类，上传与对方协商确认后的DPA条款）	
监控第三方公司的技术措施（请描述，如抓包、限制权限）	
提供输出第三方的合法性证明（请提交隐私政策中相关描述或弹窗、提示样例等附隐私政策描述或弹窗提示）	
传输方式（请填写传输方式，如接口传输，数据导出等）	
	接口传输（请备注传输协议，数据加密方式）
	数据导出（请备注使用人员姓名）","1. 是否存在传输回大陆地区
  <是/否/不适用>
2. 是否存在其他国家间跨境数据传输
  <是/否>","如果有填写
1. 调用数据所属部门：
   <所属部门>
2. 调用数据所属业务系统：
   <业务系统>
3. 调用的数据表	
    3.1   云平台-数据工厂	<如果有 调用表的地址>
    3.2  云平台-MySQL	<如果有 调用表的地址>
     3.3 其它	<调用表的地址 调用的数据字典>",,"如存在匿名收集，请展开如下项填写			
字段名	字段类型	      字段注释	用途	匿名方式
<字段1 >  <字段类型1> <字段注释1> <用途1>  <匿名方式，如小米统计匿名方式>
<字段2 >  <字段类型2> <字段注释2> <用途2>  <匿名方式，如小米统计匿名方式>  


注：匿名收集是指用任何方式无法对应到一个用户或者一台设备，比如加密时增加了随机参数				",如果有请描述使用的数据类型和使用方式：,否,无,误报,适配已完成,否,"1、重装原因说明：

2、目标机器：

3、目标操作系统版本：

4、可操作时间：例如：随时 或 线下沟通约定",,,2024/11/10 14:23,2024/11/10 14:23,2024/11/10 14:23,,,,,,,,, ADD2 Vdebug_32609 ,PT车辆,,,,,yutingting9,,,E4U3,,,,"机器名(job/IP)：
安装路径：/usr/local/bin/ (默认)
安装包名：
安装命令：",,"请描述经过用户同意的方式：
1. 是否使用统一隐私政策，文本请参考https://www.mi.com/about/privacy/
   <是/否>
2. 使用独立隐私政策
   <是/否>
   <如果是独立政策，在这里填写独立隐私政策的链接地址, 如http://zzz.mi.com/zzzz >
   <如果是独立政策，这里填写 请附弹窗或提示的文案及产品样式图 的访问链接>
3. 服务器是否记录用户点击同意
   <是/否>
4. 隐私政策是否提供所有销售国家语种的版本
    <是/否>
5. 隐私政策在APP或系统设置的法律条款中可查看
    <是/否>
    <交互截图链接，或者附件名称>
6. 是否收集敏感数据，在弹窗中明示说明收集SPII
    <是/否>
    <如果是 这里填写 弹窗的文案及样式>
7. 在收集、披露或以其他方式使用儿童（注各国标准不同）个人信息之前，是否从父母或其他对儿童负有法律责任人处获得同意？ 
    <是/否>",否,"• 是	
	接入小米账号统一提供接口，请在附件提供前端UI截图
	    App中存在撤回同意入口（Withdraw Consent）
	收到用户要求可后台支持撤回同意
• 否	
	无海外版
        未完成","1、sftp环境或域名或IP：如 staging环境sftp  或 stagingsftp.pay.mipay.com  或 58.83.177.88:2222

2、使用场景： 例如： 上传下载影像文件、授权书、调额结果等文件

3、使用方：例如：贷款超市合作方马上金融

4、账号名： 例如:  lm_mashang

5、目录及权限： 例如：
/mi
mifi-loan-lm，RW
sftp-admin, RW
lm_mashang，R

/partner
mifi-loan-lm，RW
sftp-admin, RW
lm_mashang，RW

6、合作机构出口IP（通过公网访问时需要）：

7、数据保存时间：例如：1个月","1、机型套餐参考 ：http://xbudget.pt.xiaomi.com/

2、详细说明机器申请理由：

3、服务器配置(内存，CPU，磁盘，操作系统)：

4、套餐类型:",MI1.0,NONE,是,E4U3,,N/A,NONE,,,"1、背景及原因

2、源IP、源端口、网络协议、目的IP、目的端口：",,,,,,,,,,,生态链公司,0.0,,,,,,,MS11-5-800V,,,"1、机器：

2、服务：例如lcs-agent

3、如非标准服务，请提供下载和安装步骤说明。",软件问题,,,N/A,NONE,,jira-miliao-project,,,,,"此处填写部署步骤：
【1】order模块部署（示例）
git：git@v9.git.n.xiaomi.com:mijia-server/order.git
branch：dev
st job：job.order_service.order_servicegroup.shop_cluster.staging
",国内版,,,,,,待定,概率性偶发,,,2024/11/10 14:23,,,,,,,,待定,,0.0,,待定,,NONE,NONE,NONE,,,2024/11/10 14:23,2024/11/10 14:23,,NONE,,,2024/11/10 14:23,,,,,"Verification Version:

Verification Result:",请研发同事添加高通\MTK case ID,
【RPA泊出-武汉】冷启动泊出过程中自车急刹一次,AD-340605,1624651,故障,初步分析,AD,自动驾驶 面向量产 问题,software,zhaohongyi,,,次要,,dongjianhao,p-xuhuiling,ad-inf-data,2024/11/09 17:26,2024/11/09 17:27,2024/12/23 17:58,,泊车,2024/11/23 00:00,0,RPA,RPA泊出,中途急刹,,"【测试车辆】: {color:#000000}adr::car:prod:MS11-1:LVEQGKDMN34L4BKR5{color}
【Event Key】: {color:#000000}EVENT_KEY_TRIGGER_RPA_PARKING_EXCEPTION{color}
【Extension Key】: {color:#000000}RpaParkingOutException{color}
【车辆编号】: {color:#000000}MT108{color}
【测试时间】: {color:#000000}2024-11-09 11:46:20~2024-11-09 11:47:08{color}
【原始数据切片-原始MCAP】: {color:#0000ff}[Event查看链接|https://cloud.evad.mioffice.cn/data/production-manage/event-list?event_id=1851507005&server=TJV1]{color}
【问题数据回放-MivizStudio】: {color:#0000ff}[Miviz Studio 在线可视化|https://prod-event-manage.evad.xiaomi.com/openapi/api/prod_event_web/v1/jira/redirect_studio?event_id=1851507005]{color}
【问题数据回放-SimView】: {color:#0000ff}[SimView可视化|https://prod-event-manage.evad.xiaomi.com/openapi/api/prod_event_web/v1/jira/redirect_simview?event_id=1851507005]{color}
【问题数据回放-SimView2Mp4】: 
【版本信息】: {color:#000000}manifest_mipilot_mbf_1448_20241107_13_31_42.txt{color}
【场景标签】: 
【问题标签】: 
【根因标签】: 
【问题描述】: 
【日志链接】: {color:#0000ff}[Event查看链接|https://cloud.evad.mioffice.cn/data/production-manage/event-list?event_id=1851507005&server=TJV1]{color}
【Jenkins链接】: {color:#0000ff}[Jenkins链接|https://jenkins.evad.mioffice.cn/blue/organizations/jenkins/mipilot_mbf/detail/mipilot_mbf/1448/pipeline]{color}
【Event ID】: {color:#0000ff}[1851507005|https://cloud.evad.mioffice.cn/data/production-manage/event-list?event_id=1851507005&server=TJV1]{color}
【工作流】: {color:#0000ff}[查看工作流|https://cloud.evad.mioffice.cn/data/production-manage/event-list/workflow-detail?event_id=1851507005&server=TJV1]{color}
【车辆位置】: 
【城市】: 
【车辆状态】: 
【auto_tags标签】: 
【感知数据融合】: 
【AEB感知AutoTriage结果】: 
【AutoTriageMetrics下载链接】:

测试时间：{*}2024/11/9{*}

测试车辆：{*}MT108{*}

测试地点：{*}武汉{*}

测试员：{*}常海博{*}

手机：{*}华为{*}

手机APP版本：{*}2024/9/12{*}

SR：{*}[1.7.45.3|http://1.7.45.3/]-RC12R3-sr_dcd_245{*}

DCD：{*}S000002586002{*}

表格链接：[‍‍​‌‍‌‍‬​​⁠‬‍‬​​‬‍‍‍​​​​​​​​‍‌​‬⁠​​​​​‌⁠​​‬​​⁠⁠RPA_RC12发版性能泛化测试记录表_低配 - 飞书云文档|https://xiaomi.f.mioffice.cn/sheets/shtk4HXO7bVukehsDWn2PE1PhYT?sheet=bG7jPz]

数据
拨杆/按键：
11:47:26

截图 !image-2024-11-09-17-27-28-559.png!",,ad-inf-data,,,,,,,,,,,,"2024/11/09 17:27;p-xuhuiling;image-2024-11-09-17-27-28-559.png;https://viim.ev.mi.com/secure/attachment/2150550/image-2024-11-09-17-27-28-559.png",,,,,2031/01/01 00:00,2024/11/09 17:26,2024/11/09 17:26,,BSP,,,,,,,To Do,,,,,,,"1、域名：
2、匹配规则：例如： /api/开头的请求
3、新增 或 删除规则：例如：新增
4、后端服务job名或英文简称：例如：mifi-pt-api
5、后端服务地址： 例如：c3-miui-fi-app02.bj:9582, c3-miui-fi-app03.bj:9582",,,,,,,,,,,泊车其他,,,,,,"0|i7n2qw:",,,,,,Hive,,,Empty(默认值),,,,,,,未分类,,,研发测试 Development Test,2024/11/09 17:26,MS11-1,,2024/11/09 17:26,,,MS11-1+ADD2 V22.0.2-Release+stable.20241107,K65_CN,"1、访问域名或url：例如：staging.mifi.pt.xiaomi.com

2、访问方：例如：贷款超市合作方马上金融测试环境

3、源IP：","需求背景：
1、背景描述（或当前存在问题）：
2、落地项目平台（内部代号）

详细描述：
1、UI菜单位置：
2、多语言翻译（支持多少种）：
3、详细描述（需要考虑默认焦点）：
4、异常情况处理：

UX/UE链接：",,"内容：
下线原因：
需要下线的机器/job：",2024/11/09 17:26,2024/11/09 17:26,C,,,,,2024/11/09 11:46,NONE,NONE,NONE,,,2024/11/09 17:26,,,一供,,,,,,,,,,,,NONE,NONE,,,NONE,NONE,"1、描述域名业务用途：例如：***业务
2、意向域名：***.xiaomi.srv
3、提供后端机器名或job名：
4、提供开发端口：
5、是否同时注册其他后缀域名：
6、其他特殊要求：
","1、机器名：

2、访问外网原因：",,,,,NONE,NONE,NONE,,NONE,,,,,商务合作,,普通变更,2024/11/09 17:26,,"1、域名：

2、下线原因：例如：业务不再使用","1、描述域名业务用途：例如：***平台 或 ***api接口域名
2、域名使用方或调用方：例如：金融app客户端 或 金服研发人员
3、意向域名：   例如：api.mifi.pt.xiaomi.com
4、服务环境： 【staging】或【线上】或【preview】
5、访问范围：【公网】或【内网】
6、后端服务job名或英文简称：例如：mifi-pt-api
7、后端服务地址： 例如：c3-miui-fi-app02.bj:9582, c3-miui-fi-app03.bj:9582
8、如需多条转发规则，请在此说明清楚：例如：/api/ 开头的请求转发至mifi-pt-api，其余请求转发至nginx机器本地/home/work/bin/mifi-api-web-static/webapp/
9、其他特殊要求： 例如：超时时间设置为3分钟；支持websocket连接等","1.意向域名
2.是否同时注册其他后缀域名（例如：.net/.cn等，如有，请列举后缀）
3.以哪个公司开发票（米科？米移？等等；财务原则：与业务的财务归属保持一致，详询财务总账组）
4.费用分摊到哪个部门（基本与业务需求方的部门保持一致，详询BIMI团队）
5.是否需要保密，如是的话，域名则以个人名义注册
6.是否需要备案，如是请联系运维部王熙茜（wangxiqian@xiaomi.com)抄送sa-sys@xiaomi.com
7.是否需要纳入公司运维部域名管理系统维护（非IT职能部门的域名必须纳入），如是，请在域名申请后，发送邮件至运维部系统组sa-sys@xiaomi.com
8.是否有核准的商标在，如果需要申请新的商标名称请联系知识产权部付明月（fumingyue@xiaomi.com)
9.其他特殊要求","【问题描述】:
【产生时间】:
【具体原因】:
【影响范围】:(描述影响的请求数，用户量)
【临时解决方案】:(根本解决方案较复杂，短期难以实现情况下的临时解决方法)
【临时解决时间】:
【根本解决方案】:
【最终解决时间】:
【关健日志】: （描述问题的日志或记录）",,,,Others,,,,null,,NONE,24RC12-E4U3,,2024/11/09 17:26,,NONE,,2024/11/09 00:00,可用性,,否,,"测试项目:
测试方法:
ROM:
apk版本:
apk链接:
测试模块:
测试机型:",,代码bug,,,,,"<数据类型1>	<保留时间>
<数据类型2>	<保留时间>
<数据类型3>	<保留时间>

如果没有，填写不适用",N/A,,,否,,"输出的第三方公司名称	
输出的理由	
输出的数据类型（请上传数据字典）	
是否签署合同（提供数据保护附录( DPA）模板两种供下载：委托处理和数据共享两类，上传与对方协商确认后的DPA条款）	
监控第三方公司的技术措施（请描述，如抓包、限制权限）	
提供输出第三方的合法性证明（请提交隐私政策中相关描述或弹窗、提示样例等附隐私政策描述或弹窗提示）	
传输方式（请填写传输方式，如接口传输，数据导出等）	
	接口传输（请备注传输协议，数据加密方式）
	数据导出（请备注使用人员姓名）","1. 是否存在传输回大陆地区
  <是/否/不适用>
2. 是否存在其他国家间跨境数据传输
  <是/否>","如果有填写
1. 调用数据所属部门：
   <所属部门>
2. 调用数据所属业务系统：
   <业务系统>
3. 调用的数据表	
    3.1   云平台-数据工厂	<如果有 调用表的地址>
    3.2  云平台-MySQL	<如果有 调用表的地址>
     3.3 其它	<调用表的地址 调用的数据字典>",,"如存在匿名收集，请展开如下项填写			
字段名	字段类型	      字段注释	用途	匿名方式
<字段1 >  <字段类型1> <字段注释1> <用途1>  <匿名方式，如小米统计匿名方式>
<字段2 >  <字段类型2> <字段注释2> <用途2>  <匿名方式，如小米统计匿名方式>  


注：匿名收集是指用任何方式无法对应到一个用户或者一台设备，比如加密时增加了随机参数				",如果有请描述使用的数据类型和使用方式：,否,无,误报,适配已完成,否,"1、重装原因说明：

2、目标机器：

3、目标操作系统版本：

4、可操作时间：例如：随时 或 线下沟通约定",,,2024/11/09 17:26,2024/11/09 17:26,2024/11/09 17:26,,,,,,,,,ADD2 V22.0.2,PT车辆,,,,,jiangfuwei,,,E4U3,,,,"机器名(job/IP)：
安装路径：/usr/local/bin/ (默认)
安装包名：
安装命令：",,"请描述经过用户同意的方式：
1. 是否使用统一隐私政策，文本请参考https://www.mi.com/about/privacy/
   <是/否>
2. 使用独立隐私政策
   <是/否>
   <如果是独立政策，在这里填写独立隐私政策的链接地址, 如http://zzz.mi.com/zzzz >
   <如果是独立政策，这里填写 请附弹窗或提示的文案及产品样式图 的访问链接>
3. 服务器是否记录用户点击同意
   <是/否>
4. 隐私政策是否提供所有销售国家语种的版本
    <是/否>
5. 隐私政策在APP或系统设置的法律条款中可查看
    <是/否>
    <交互截图链接，或者附件名称>
6. 是否收集敏感数据，在弹窗中明示说明收集SPII
    <是/否>
    <如果是 这里填写 弹窗的文案及样式>
7. 在收集、披露或以其他方式使用儿童（注各国标准不同）个人信息之前，是否从父母或其他对儿童负有法律责任人处获得同意？ 
    <是/否>",否,"• 是	
	接入小米账号统一提供接口，请在附件提供前端UI截图
	    App中存在撤回同意入口（Withdraw Consent）
	收到用户要求可后台支持撤回同意
• 否	
	无海外版
        未完成","1、sftp环境或域名或IP：如 staging环境sftp  或 stagingsftp.pay.mipay.com  或 58.83.177.88:2222

2、使用场景： 例如： 上传下载影像文件、授权书、调额结果等文件

3、使用方：例如：贷款超市合作方马上金融

4、账号名： 例如:  lm_mashang

5、目录及权限： 例如：
/mi
mifi-loan-lm，RW
sftp-admin, RW
lm_mashang，R

/partner
mifi-loan-lm，RW
sftp-admin, RW
lm_mashang，RW

6、合作机构出口IP（通过公网访问时需要）：

7、数据保存时间：例如：1个月","1、机型套餐参考 ：http://xbudget.pt.xiaomi.com/

2、详细说明机器申请理由：

3、服务器配置(内存，CPU，磁盘，操作系统)：

4、套餐类型:",MI1.0,NONE,是,E4U3,,N/A,NONE,,,"1、背景及原因

2、源IP、源端口、网络协议、目的IP、目的端口：",,,,,,,,,,,生态链公司,0.0,,,,,,,MS11-5-800V,,,"1、机器：

2、服务：例如lcs-agent

3、如非标准服务，请提供下载和安装步骤说明。",软件问题,,,N/A,NONE,,jira-miliao-project,,,,,"此处填写部署步骤：
【1】order模块部署（示例）
git：git@v9.git.n.xiaomi.com:mijia-server/order.git
branch：dev
st job：job.order_service.order_servicegroup.shop_cluster.staging
",国内版,,,,,,待定,概率性偶发,,,2024/11/09 17:26,,,,,,,,待定,,0.0,,待定,,NONE,NONE,NONE,,,2024/11/09 17:26,2024/11/09 17:26,,NONE,,,2024/11/09 17:26,,,,,"Verification Version:

Verification Result:",请研发同事添加高通\MTK case ID,
【RPA泊出-武汉】冷启动泊出过程中自车急刹一次,AD-340593,1624505,故障,初步分析,AD,自动驾驶 面向量产 问题,software,zhaohongyi,,,重要,,dongjianhao,p-xuhuiling,ad-inf-data,2024/11/09 17:17,2024/11/09 17:23,2024/12/23 17:58,,泊车,2024/11/23 00:00,0,RPA,RPA泊出,中途急刹,,"【测试车辆】: {color:#000000}adr::car:prod:MS11-1:LVEQGKDMN34L4BKR5{color}
【Event Key】: {color:#000000}EVENT_KEY_TRIGGER_RPA_PARKING_EXCEPTION{color}
【Extension Key】: {color:#000000}RpaParkingOutException{color}
【车辆编号】: {color:#000000}MT108{color}
【测试时间】: {color:#000000}2024-11-09 10:18:30~2024-11-09 10:19:32{color}
【原始数据切片-原始MCAP】: {color:#0000ff}[Event查看链接|https://cloud.evad.mioffice.cn/data/production-manage/event-list?event_id=1850720902&server=TJV1]{color}
【问题数据回放-MivizStudio】: {color:#0000ff}[Miviz Studio 在线可视化|https://prod-event-manage.evad.xiaomi.com/openapi/api/prod_event_web/v1/jira/redirect_studio?event_id=1850720902]{color}
【问题数据回放-SimView】: {color:#0000ff}[SimView可视化|https://prod-event-manage.evad.xiaomi.com/openapi/api/prod_event_web/v1/jira/redirect_simview?event_id=1850720902]{color}
【问题数据回放-SimView2Mp4】: 
【版本信息】: {color:#000000}manifest_mipilot_mbf_1448_20241107_13_31_42.txt{color}
【场景标签】: 
【问题标签】: 
【根因标签】: 
【问题描述】: 
【日志链接】: {color:#0000ff}[Event查看链接|https://cloud.evad.mioffice.cn/data/production-manage/event-list?event_id=1850720902&server=TJV1]{color}
【Jenkins链接】: {color:#0000ff}[Jenkins链接|https://jenkins.evad.mioffice.cn/blue/organizations/jenkins/mipilot_mbf/detail/mipilot_mbf/1448/pipeline]{color}
【Event ID】: {color:#0000ff}[1850720902|https://cloud.evad.mioffice.cn/data/production-manage/event-list?event_id=1850720902&server=TJV1]{color}
【工作流】: {color:#0000ff}[查看工作流|https://cloud.evad.mioffice.cn/data/production-manage/event-list/workflow-detail?event_id=1850720902&server=TJV1]{color}
【车辆位置】: 
【城市】: 
【车辆状态】: 
【auto_tags标签】: 
【感知数据融合】: 
【AEB感知AutoTriage结果】: 
【AutoTriageMetrics下载链接】:

测试时间：{*}2024/11/9{*}

测试车辆：{*}MT108{*}

测试地点：{*}武汉{*}

测试员：{*}常海博{*}

手机：{*}华为{*}

手机APP版本：{*}2024/9/12{*}

SR：{*}[1.7.45.3|http://1.7.45.3/]-RC12R3-sr_dcd_245{*}

DCD：{*}S000002586002{*}

表格链接：[‍‍​‌‍‌‍‬​​⁠‬‍‬​​‬‍‍‍​​​​​​​​‍‌​‬⁠​​​​​‌⁠​​‬​​⁠⁠RPA_RC12发版性能泛化测试记录表_低配 - 飞书云文档|https://xiaomi.f.mioffice.cn/sheets/shtk4HXO7bVukehsDWn2PE1PhYT?sheet=bG7jPz]

数据
拨杆/按键：10:19:54
截图 !image-2024-11-09-17-19-06-859.png!",,ad-inf-data,,,,,,,,,,,,"2024/11/09 17:19;p-xuhuiling;image-2024-11-09-17-19-06-859.png;https://viim.ev.mi.com/secure/attachment/2150522/image-2024-11-09-17-19-06-859.png",,,,,2031/01/01 00:00,2024/11/09 17:17,2024/11/09 17:17,,BSP,,,,,,,To Do,,,,,,,"1、域名：
2、匹配规则：例如： /api/开头的请求
3、新增 或 删除规则：例如：新增
4、后端服务job名或英文简称：例如：mifi-pt-api
5、后端服务地址： 例如：c3-miui-fi-app02.bj:9582, c3-miui-fi-app03.bj:9582",,,,,,,,,,,泊车其他,,,,,,"0|i7n228:",,,,,,Hive,,,Empty(默认值),,,,,,,未分类,,,研发测试 Development Test,2024/11/09 17:17,MS11-1,,2024/11/09 17:17,,,MS11-1+ADD2 V22.0.2-Release+stable.20241107,K65_CN,"1、访问域名或url：例如：staging.mifi.pt.xiaomi.com

2、访问方：例如：贷款超市合作方马上金融测试环境

3、源IP：","需求背景：
1、背景描述（或当前存在问题）：
2、落地项目平台（内部代号）

详细描述：
1、UI菜单位置：
2、多语言翻译（支持多少种）：
3、详细描述（需要考虑默认焦点）：
4、异常情况处理：

UX/UE链接：",,"内容：
下线原因：
需要下线的机器/job：",2024/11/09 17:17,2024/11/09 17:17,B,,,,,2024/11/09 10:18,NONE,NONE,NONE,,,2024/11/09 17:17,,,一供,,,,,,,,,,,,NONE,NONE,,,NONE,NONE,"1、描述域名业务用途：例如：***业务
2、意向域名：***.xiaomi.srv
3、提供后端机器名或job名：
4、提供开发端口：
5、是否同时注册其他后缀域名：
6、其他特殊要求：
","1、机器名：

2、访问外网原因：",,,,,NONE,NONE,NONE,,NONE,,,,,商务合作,,普通变更,2024/11/09 17:17,,"1、域名：

2、下线原因：例如：业务不再使用","1、描述域名业务用途：例如：***平台 或 ***api接口域名
2、域名使用方或调用方：例如：金融app客户端 或 金服研发人员
3、意向域名：   例如：api.mifi.pt.xiaomi.com
4、服务环境： 【staging】或【线上】或【preview】
5、访问范围：【公网】或【内网】
6、后端服务job名或英文简称：例如：mifi-pt-api
7、后端服务地址： 例如：c3-miui-fi-app02.bj:9582, c3-miui-fi-app03.bj:9582
8、如需多条转发规则，请在此说明清楚：例如：/api/ 开头的请求转发至mifi-pt-api，其余请求转发至nginx机器本地/home/work/bin/mifi-api-web-static/webapp/
9、其他特殊要求： 例如：超时时间设置为3分钟；支持websocket连接等","1.意向域名
2.是否同时注册其他后缀域名（例如：.net/.cn等，如有，请列举后缀）
3.以哪个公司开发票（米科？米移？等等；财务原则：与业务的财务归属保持一致，详询财务总账组）
4.费用分摊到哪个部门（基本与业务需求方的部门保持一致，详询BIMI团队）
5.是否需要保密，如是的话，域名则以个人名义注册
6.是否需要备案，如是请联系运维部王熙茜（wangxiqian@xiaomi.com)抄送sa-sys@xiaomi.com
7.是否需要纳入公司运维部域名管理系统维护（非IT职能部门的域名必须纳入），如是，请在域名申请后，发送邮件至运维部系统组sa-sys@xiaomi.com
8.是否有核准的商标在，如果需要申请新的商标名称请联系知识产权部付明月（fumingyue@xiaomi.com)
9.其他特殊要求","【问题描述】:
【产生时间】:
【具体原因】:
【影响范围】:(描述影响的请求数，用户量)
【临时解决方案】:(根本解决方案较复杂，短期难以实现情况下的临时解决方法)
【临时解决时间】:
【根本解决方案】:
【最终解决时间】:
【关健日志】: （描述问题的日志或记录）",,,,Others,,,,null,,NONE,24RC12-E4U3,,2024/11/09 17:17,,NONE,,2024/11/09 00:00,可用性,,否,,"测试项目:
测试方法:
ROM:
apk版本:
apk链接:
测试模块:
测试机型:",,代码bug,,,,,"<数据类型1>	<保留时间>
<数据类型2>	<保留时间>
<数据类型3>	<保留时间>

如果没有，填写不适用",N/A,,,否,,"输出的第三方公司名称	
输出的理由	
输出的数据类型（请上传数据字典）	
是否签署合同（提供数据保护附录( DPA）模板两种供下载：委托处理和数据共享两类，上传与对方协商确认后的DPA条款）	
监控第三方公司的技术措施（请描述，如抓包、限制权限）	
提供输出第三方的合法性证明（请提交隐私政策中相关描述或弹窗、提示样例等附隐私政策描述或弹窗提示）	
传输方式（请填写传输方式，如接口传输，数据导出等）	
	接口传输（请备注传输协议，数据加密方式）
	数据导出（请备注使用人员姓名）","1. 是否存在传输回大陆地区
  <是/否/不适用>
2. 是否存在其他国家间跨境数据传输
  <是/否>","如果有填写
1. 调用数据所属部门：
   <所属部门>
2. 调用数据所属业务系统：
   <业务系统>
3. 调用的数据表	
    3.1   云平台-数据工厂	<如果有 调用表的地址>
    3.2  云平台-MySQL	<如果有 调用表的地址>
     3.3 其它	<调用表的地址 调用的数据字典>",,"如存在匿名收集，请展开如下项填写			
字段名	字段类型	      字段注释	用途	匿名方式
<字段1 >  <字段类型1> <字段注释1> <用途1>  <匿名方式，如小米统计匿名方式>
<字段2 >  <字段类型2> <字段注释2> <用途2>  <匿名方式，如小米统计匿名方式>  


注：匿名收集是指用任何方式无法对应到一个用户或者一台设备，比如加密时增加了随机参数				",如果有请描述使用的数据类型和使用方式：,否,无,误报,适配已完成,否,"1、重装原因说明：

2、目标机器：

3、目标操作系统版本：

4、可操作时间：例如：随时 或 线下沟通约定",,,2024/11/09 17:17,2024/11/09 17:17,2024/11/09 17:17,,,,,,,,,ADD2 V22.0.2,PT车辆,,,,,yutingting9,,,E4U3,,,,"机器名(job/IP)：
安装路径：/usr/local/bin/ (默认)
安装包名：
安装命令：",,"请描述经过用户同意的方式：
1. 是否使用统一隐私政策，文本请参考https://www.mi.com/about/privacy/
   <是/否>
2. 使用独立隐私政策
   <是/否>
   <如果是独立政策，在这里填写独立隐私政策的链接地址, 如http://zzz.mi.com/zzzz >
   <如果是独立政策，这里填写 请附弹窗或提示的文案及产品样式图 的访问链接>
3. 服务器是否记录用户点击同意
   <是/否>
4. 隐私政策是否提供所有销售国家语种的版本
    <是/否>
5. 隐私政策在APP或系统设置的法律条款中可查看
    <是/否>
    <交互截图链接，或者附件名称>
6. 是否收集敏感数据，在弹窗中明示说明收集SPII
    <是/否>
    <如果是 这里填写 弹窗的文案及样式>
7. 在收集、披露或以其他方式使用儿童（注各国标准不同）个人信息之前，是否从父母或其他对儿童负有法律责任人处获得同意？ 
    <是/否>",否,"• 是	
	接入小米账号统一提供接口，请在附件提供前端UI截图
	    App中存在撤回同意入口（Withdraw Consent）
	收到用户要求可后台支持撤回同意
• 否	
	无海外版
        未完成","1、sftp环境或域名或IP：如 staging环境sftp  或 stagingsftp.pay.mipay.com  或 58.83.177.88:2222

2、使用场景： 例如： 上传下载影像文件、授权书、调额结果等文件

3、使用方：例如：贷款超市合作方马上金融

4、账号名： 例如:  lm_mashang

5、目录及权限： 例如：
/mi
mifi-loan-lm，RW
sftp-admin, RW
lm_mashang，R

/partner
mifi-loan-lm，RW
sftp-admin, RW
lm_mashang，RW

6、合作机构出口IP（通过公网访问时需要）：

7、数据保存时间：例如：1个月","1、机型套餐参考 ：http://xbudget.pt.xiaomi.com/

2、详细说明机器申请理由：

3、服务器配置(内存，CPU，磁盘，操作系统)：

4、套餐类型:",MI1.0,NONE,是,E4U3,,N/A,NONE,,,"1、背景及原因

2、源IP、源端口、网络协议、目的IP、目的端口：",,,,,,,,,,,生态链公司,0.0,,,,,,,MS11-5-800V,,,"1、机器：

2、服务：例如lcs-agent

3、如非标准服务，请提供下载和安装步骤说明。",软件问题,,,N/A,NONE,,jira-miliao-project,,,,,"此处填写部署步骤：
【1】order模块部署（示例）
git：git@v9.git.n.xiaomi.com:mijia-server/order.git
branch：dev
st job：job.order_service.order_servicegroup.shop_cluster.staging
",国内版,,,,,,待定,概率性偶发,,,2024/11/09 17:17,,,,,,,,待定,,0.0,,待定,,NONE,NONE,NONE,,,2024/11/09 17:17,2024/11/09 17:17,,NONE,,,2024/11/09 17:17,,,,,"Verification Version:

Verification Result:",请研发同事添加高通\MTK case ID,
"【RPA泊出-武汉】冷启动泊出,泊出过程中急刹",AD-339495,1619638,故障,初步分析,AD,自动驾驶 面向量产 问题,software,zhaohongyi,,,重要,,dongjianhao,p-lixuan19,ad-inf-data,2024/11/08 18:16,2024/11/08 18:23,2024/12/23 17:58,,泊车,2024/11/22 00:00,0,RPA,RPA泊出,中途急刹,,"【测试车辆】: {color:#000000}adr::car:prod:MS11-1:LVEQGKDMN34L4BKR5{color}
【Event Key】: {color:#000000}EVENT_KEY_TRIGGER_RPA_PARKING_EXCEPTION{color}
【Extension Key】: {color:#000000}RpaParkingOutException{color}
【车辆编号】: {color:#000000}MT108{color}
【测试时间】: {color:#000000}2024-11-08 17:11:51~2024-11-08 17:12:52{color}
【原始数据切片-原始MCAP】: {color:#0000ff}[Event查看链接|https://cloud.evad.mioffice.cn/data/production-manage/event-list?event_id=1844746336&server=TJV1]{color}
【问题数据回放-MivizStudio】: {color:#0000ff}[Miviz Studio 在线可视化|https://prod-event-manage.evad.xiaomi.com/openapi/api/prod_event_web/v1/jira/redirect_studio?event_id=1844746336]{color}
【问题数据回放-SimView】: {color:#0000ff}[SimView可视化|https://prod-event-manage.evad.xiaomi.com/openapi/api/prod_event_web/v1/jira/redirect_simview?event_id=1844746336]{color}
【问题数据回放-SimView2Mp4】: 
【版本信息】: {color:#000000}manifest_mipilot_mbf_1448_20241107_13_31_42.txt{color}
【场景标签】: 
【问题标签】: 
【根因标签】: 
【问题描述】: 
【日志链接】: {color:#0000ff}[Event查看链接|https://cloud.evad.mioffice.cn/data/production-manage/event-list?event_id=1844746336&server=TJV1]{color}
【Jenkins链接】: {color:#0000ff}[Jenkins链接|https://jenkins.evad.mioffice.cn/blue/organizations/jenkins/mipilot_mbf/detail/mipilot_mbf/1448/pipeline]{color}
【Event ID】: {color:#0000ff}[1844746336|https://cloud.evad.mioffice.cn/data/production-manage/event-list?event_id=1844746336&server=TJV1]{color}
【工作流】: {color:#0000ff}[查看工作流|https://cloud.evad.mioffice.cn/data/production-manage/event-list/workflow-detail?event_id=1844746336&server=TJV1]{color}
【车辆位置】: 
【城市】: 
【车辆状态】: 
【auto_tags标签】: 
【感知数据融合】: 
【AEB感知AutoTriage结果】: 
【AutoTriageMetrics下载链接】:

测试时间：{*}2024/11/8{*}

测试车辆：{*}MT108{*}

测试地点：{*}武汉{*}

测试员：{*}常海博{*}

手机：{*}华为{*}

手机APP版本：{*}2024/9/12{*}

SR：{*}[1.7.45.3|http://1.7.45.3/]-RC12R3-sr_dcd_245{*}

DCD：{*}S000002586002{*}

表格链接：[https://xiaomi.f.mioffice.cn/sheets/shtk4HXO7bVukehsDWn2PE1PhYT?sheet=2mxgGJ]
一键回传：

""2024-11-08_17-11-49
Logging2024-11-08_17-03-48
video_38
video_38.1
拨杆/按键：17:13:12""
 
截图： !image-2024-11-08-18-17-49-991.png!",,ad-inf-data,,,,,,,,,,,,"2024/11/08 18:17;p-lixuan19;image-2024-11-08-18-17-49-991.png;https://viim.ev.mi.com/secure/attachment/2145443/image-2024-11-08-18-17-49-991.png",,,,,2031/01/01 00:00,2024/11/08 18:16,2024/11/08 18:16,,BSP,,,,,,,To Do,,,,,,,"1、域名：
2、匹配规则：例如： /api/开头的请求
3、新增 或 删除规则：例如：新增
4、后端服务job名或英文简称：例如：mifi-pt-api
5、后端服务地址： 例如：c3-miui-fi-app02.bj:9582, c3-miui-fi-app03.bj:9582",,,,,,,,,,,泊车其他,,,,,,"0|i7m7yg:",,,,,,Hive,,,Empty(默认值),,,,,,,未分类,,,研发测试 Development Test,2024/11/08 18:16,MS11-1,,2024/11/08 18:16,,,MS11-1+ADD2 V22.0.2-Release+stable.20241107,K65_CN,"1、访问域名或url：例如：staging.mifi.pt.xiaomi.com

2、访问方：例如：贷款超市合作方马上金融测试环境

3、源IP：","需求背景：
1、背景描述（或当前存在问题）：
2、落地项目平台（内部代号）

详细描述：
1、UI菜单位置：
2、多语言翻译（支持多少种）：
3、详细描述（需要考虑默认焦点）：
4、异常情况处理：

UX/UE链接：",,"内容：
下线原因：
需要下线的机器/job：",2024/11/08 18:16,2024/11/08 18:16,B,,,,,2024/11/08 17:12,NONE,NONE,NONE,,,2024/11/08 18:16,,,一供,,,,,,,,,,,,NONE,NONE,,,NONE,NONE,"1、描述域名业务用途：例如：***业务
2、意向域名：***.xiaomi.srv
3、提供后端机器名或job名：
4、提供开发端口：
5、是否同时注册其他后缀域名：
6、其他特殊要求：
","1、机器名：

2、访问外网原因：",,,,,NONE,NONE,NONE,,NONE,,,,,商务合作,,普通变更,2024/11/08 18:16,,"1、域名：

2、下线原因：例如：业务不再使用","1、描述域名业务用途：例如：***平台 或 ***api接口域名
2、域名使用方或调用方：例如：金融app客户端 或 金服研发人员
3、意向域名：   例如：api.mifi.pt.xiaomi.com
4、服务环境： 【staging】或【线上】或【preview】
5、访问范围：【公网】或【内网】
6、后端服务job名或英文简称：例如：mifi-pt-api
7、后端服务地址： 例如：c3-miui-fi-app02.bj:9582, c3-miui-fi-app03.bj:9582
8、如需多条转发规则，请在此说明清楚：例如：/api/ 开头的请求转发至mifi-pt-api，其余请求转发至nginx机器本地/home/work/bin/mifi-api-web-static/webapp/
9、其他特殊要求： 例如：超时时间设置为3分钟；支持websocket连接等","1.意向域名
2.是否同时注册其他后缀域名（例如：.net/.cn等，如有，请列举后缀）
3.以哪个公司开发票（米科？米移？等等；财务原则：与业务的财务归属保持一致，详询财务总账组）
4.费用分摊到哪个部门（基本与业务需求方的部门保持一致，详询BIMI团队）
5.是否需要保密，如是的话，域名则以个人名义注册
6.是否需要备案，如是请联系运维部王熙茜（wangxiqian@xiaomi.com)抄送sa-sys@xiaomi.com
7.是否需要纳入公司运维部域名管理系统维护（非IT职能部门的域名必须纳入），如是，请在域名申请后，发送邮件至运维部系统组sa-sys@xiaomi.com
8.是否有核准的商标在，如果需要申请新的商标名称请联系知识产权部付明月（fumingyue@xiaomi.com)
9.其他特殊要求","【问题描述】:
【产生时间】:
【具体原因】:
【影响范围】:(描述影响的请求数，用户量)
【临时解决方案】:(根本解决方案较复杂，短期难以实现情况下的临时解决方法)
【临时解决时间】:
【根本解决方案】:
【最终解决时间】:
【关健日志】: （描述问题的日志或记录）",,,,Others,,,,null,,NONE,24RC12-E4U3,,2024/11/08 18:16,,NONE,,2024/11/08 00:00,可用性,,否,,"测试项目:
测试方法:
ROM:
apk版本:
apk链接:
测试模块:
测试机型:",,代码bug,,,,,"<数据类型1>	<保留时间>
<数据类型2>	<保留时间>
<数据类型3>	<保留时间>

如果没有，填写不适用",N/A,,,否,,"输出的第三方公司名称	
输出的理由	
输出的数据类型（请上传数据字典）	
是否签署合同（提供数据保护附录( DPA）模板两种供下载：委托处理和数据共享两类，上传与对方协商确认后的DPA条款）	
监控第三方公司的技术措施（请描述，如抓包、限制权限）	
提供输出第三方的合法性证明（请提交隐私政策中相关描述或弹窗、提示样例等附隐私政策描述或弹窗提示）	
传输方式（请填写传输方式，如接口传输，数据导出等）	
	接口传输（请备注传输协议，数据加密方式）
	数据导出（请备注使用人员姓名）","1. 是否存在传输回大陆地区
  <是/否/不适用>
2. 是否存在其他国家间跨境数据传输
  <是/否>","如果有填写
1. 调用数据所属部门：
   <所属部门>
2. 调用数据所属业务系统：
   <业务系统>
3. 调用的数据表	
    3.1   云平台-数据工厂	<如果有 调用表的地址>
    3.2  云平台-MySQL	<如果有 调用表的地址>
     3.3 其它	<调用表的地址 调用的数据字典>",,"如存在匿名收集，请展开如下项填写			
字段名	字段类型	      字段注释	用途	匿名方式
<字段1 >  <字段类型1> <字段注释1> <用途1>  <匿名方式，如小米统计匿名方式>
<字段2 >  <字段类型2> <字段注释2> <用途2>  <匿名方式，如小米统计匿名方式>  


注：匿名收集是指用任何方式无法对应到一个用户或者一台设备，比如加密时增加了随机参数				",如果有请描述使用的数据类型和使用方式：,否,无,误报,适配已完成,否,"1、重装原因说明：

2、目标机器：

3、目标操作系统版本：

4、可操作时间：例如：随时 或 线下沟通约定",,,2024/11/08 18:16,2024/11/08 18:16,2024/11/08 18:16,,,,,,,,,ADD2 V22.0.2,PT车辆,,,,,yutingting9,,,E4U3,,,,"机器名(job/IP)：
安装路径：/usr/local/bin/ (默认)
安装包名：
安装命令：",,"请描述经过用户同意的方式：
1. 是否使用统一隐私政策，文本请参考https://www.mi.com/about/privacy/
   <是/否>
2. 使用独立隐私政策
   <是/否>
   <如果是独立政策，在这里填写独立隐私政策的链接地址, 如http://zzz.mi.com/zzzz >
   <如果是独立政策，这里填写 请附弹窗或提示的文案及产品样式图 的访问链接>
3. 服务器是否记录用户点击同意
   <是/否>
4. 隐私政策是否提供所有销售国家语种的版本
    <是/否>
5. 隐私政策在APP或系统设置的法律条款中可查看
    <是/否>
    <交互截图链接，或者附件名称>
6. 是否收集敏感数据，在弹窗中明示说明收集SPII
    <是/否>
    <如果是 这里填写 弹窗的文案及样式>
7. 在收集、披露或以其他方式使用儿童（注各国标准不同）个人信息之前，是否从父母或其他对儿童负有法律责任人处获得同意？ 
    <是/否>",否,"• 是	
	接入小米账号统一提供接口，请在附件提供前端UI截图
	    App中存在撤回同意入口（Withdraw Consent）
	收到用户要求可后台支持撤回同意
• 否	
	无海外版
        未完成","1、sftp环境或域名或IP：如 staging环境sftp  或 stagingsftp.pay.mipay.com  或 58.83.177.88:2222

2、使用场景： 例如： 上传下载影像文件、授权书、调额结果等文件

3、使用方：例如：贷款超市合作方马上金融

4、账号名： 例如:  lm_mashang

5、目录及权限： 例如：
/mi
mifi-loan-lm，RW
sftp-admin, RW
lm_mashang，R

/partner
mifi-loan-lm，RW
sftp-admin, RW
lm_mashang，RW

6、合作机构出口IP（通过公网访问时需要）：

7、数据保存时间：例如：1个月","1、机型套餐参考 ：http://xbudget.pt.xiaomi.com/

2、详细说明机器申请理由：

3、服务器配置(内存，CPU，磁盘，操作系统)：

4、套餐类型:",MI1.0,NONE,是,E4U3,,N/A,NONE,,,"1、背景及原因

2、源IP、源端口、网络协议、目的IP、目的端口：",,,,,,,,,,,生态链公司,0.0,,,,,,,MS11-5-800V,,,"1、机器：

2、服务：例如lcs-agent

3、如非标准服务，请提供下载和安装步骤说明。",软件问题,,,N/A,NONE,,jira-miliao-project,,,,,"此处填写部署步骤：
【1】order模块部署（示例）
git：git@v9.git.n.xiaomi.com:mijia-server/order.git
branch：dev
st job：job.order_service.order_servicegroup.shop_cluster.staging
",国内版,,,,,,待定,概率性偶发,,,2024/11/08 18:16,,,,,,,,待定,,0.0,,待定,,NONE,NONE,NONE,,,2024/11/08 18:16,2024/11/08 18:16,,NONE,,,2024/11/08 18:16,,,,,"Verification Version:

Verification Result:",请研发同事添加高通\MTK case ID,
【RPA泊出-武汉】冷启动泊出，泊出过程中急刹,AD-339269,1617599,故障,初步分析,AD,自动驾驶 面向量产 问题,software,zhaohongyi,,,重要,,dongjianhao,p-lixuan19,ad-inf-data,2024/11/08 15:39,2024/11/08 15:41,2024/12/23 17:58,,泊车,2024/11/22 00:00,0,RPA,RPA泊出,中途急刹,,"【测试车辆】: {color:#000000}adr::car:prod:MS11-1:LVEQGKDMN34L4BKR5{color}
【Event Key】: {color:#000000}EVENT_KEY_TRIGGER_RPA_PARKING_EXCEPTION{color}
【Extension Key】: {color:#000000}RpaParkingOutException{color}
【车辆编号】: {color:#000000}MT108{color}
【测试时间】: {color:#000000}2024-11-08 15:02:15~2024-11-08 15:03:23{color}
【原始数据切片-原始MCAP】: {color:#0000ff}[Event查看链接|https://cloud.evad.mioffice.cn/data/production-manage/event-list?event_id=1842626674&server=TJV1]{color}
【问题数据回放-MivizStudio】: {color:#0000ff}[Miviz Studio 在线可视化|https://prod-event-manage.evad.xiaomi.com/openapi/api/prod_event_web/v1/jira/redirect_studio?event_id=1842626674]{color}
【问题数据回放-SimView】: {color:#0000ff}[SimView可视化|https://prod-event-manage.evad.xiaomi.com/openapi/api/prod_event_web/v1/jira/redirect_simview?event_id=1842626674]{color}
【问题数据回放-SimView2Mp4】: 
【版本信息】: {color:#000000}manifest_mipilot_mbf_1448_20241107_13_31_42.txt{color}
【场景标签】: 
【问题标签】: 
【根因标签】: 
【问题描述】: 
【日志链接】: {color:#0000ff}[Event查看链接|https://cloud.evad.mioffice.cn/data/production-manage/event-list?event_id=1842626674&server=TJV1]{color}
【Jenkins链接】: {color:#0000ff}[Jenkins链接|https://jenkins.evad.mioffice.cn/blue/organizations/jenkins/mipilot_mbf/detail/mipilot_mbf/1448/pipeline]{color}
【Event ID】: {color:#0000ff}[1842626674|https://cloud.evad.mioffice.cn/data/production-manage/event-list?event_id=1842626674&server=TJV1]{color}
【工作流】: {color:#0000ff}[查看工作流|https://cloud.evad.mioffice.cn/data/production-manage/event-list/workflow-detail?event_id=1842626674&server=TJV1]{color}
【车辆位置】: 
【城市】: 
【车辆状态】: 
【auto_tags标签】: 
【感知数据融合】: 
【AEB感知AutoTriage结果】: 
【AutoTriageMetrics下载链接】:

测试时间：{*}2024/11/8{*}

测试车辆：{*}MT108{*}

测试地点：{*}武汉{*}

测试员：{*}常海博{*}

手机：{*}华为{*}

手机APP版本：{*}2024/9/12{*}

SR：{*}[1.7.45.3|http://1.7.45.3/]-RC12R3-sr_dcd_245{*}

DCD：{*}S000002586002{*}

表格链接：[https://xiaomi.f.mioffice.cn/sheets/shtk4HXO7bVukehsDWn2PE1PhYT?sheet=2mxgGJ]
一键回传： td \{white-space:nowrap;border:1px solid #dee0e3;font-size:10pt;font-style:normal;font-weight:normal;vertical-align:middle;word-break:normal;word-wrap:normal;}
|2024-11-08_15-01-57
Logging2024-11-08_14-53-48
video_18
video_18.1
拨杆/按键：15:03:57|

截图： !image-2024-11-08-15-40-35-513.png!",,ad-inf-data,,,,,,,,,,,,"2024/11/08 15:40;p-lixuan19;image-2024-11-08-15-40-35-513.png;https://viim.ev.mi.com/secure/attachment/2143135/image-2024-11-08-15-40-35-513.png",,,,,2031/01/01 00:00,2024/11/08 15:39,2024/11/08 15:39,,BSP,,,,,,,To Do,,,,,,,"1、域名：
2、匹配规则：例如： /api/开头的请求
3、新增 或 删除规则：例如：新增
4、后端服务job名或英文简称：例如：mifi-pt-api
5、后端服务地址： 例如：c3-miui-fi-app02.bj:9582, c3-miui-fi-app03.bj:9582",,,,,,,,,,,泊车其他,,,,,,"0|i7lvyo:",,,,,,Hive,,,Empty(默认值),,,,,,,未分类,,,研发测试 Development Test,2024/11/08 15:39,MS11-1,,2024/11/08 15:39,,,MS11-1+ADD2 V22.0.2-Release+stable.20241107,K65_CN,"1、访问域名或url：例如：staging.mifi.pt.xiaomi.com

2、访问方：例如：贷款超市合作方马上金融测试环境

3、源IP：","需求背景：
1、背景描述（或当前存在问题）：
2、落地项目平台（内部代号）

详细描述：
1、UI菜单位置：
2、多语言翻译（支持多少种）：
3、详细描述（需要考虑默认焦点）：
4、异常情况处理：

UX/UE链接：",,"内容：
下线原因：
需要下线的机器/job：",2024/11/08 15:39,2024/11/08 15:39,B,,,,,2024/11/08 15:02,NONE,NONE,NONE,,,2024/11/08 15:39,,,一供,,,,,,,,,,,,NONE,NONE,,,NONE,NONE,"1、描述域名业务用途：例如：***业务
2、意向域名：***.xiaomi.srv
3、提供后端机器名或job名：
4、提供开发端口：
5、是否同时注册其他后缀域名：
6、其他特殊要求：
","1、机器名：

2、访问外网原因：",,,,,NONE,NONE,NONE,,NONE,,,,,商务合作,,普通变更,2024/11/08 15:39,,"1、域名：

2、下线原因：例如：业务不再使用","1、描述域名业务用途：例如：***平台 或 ***api接口域名
2、域名使用方或调用方：例如：金融app客户端 或 金服研发人员
3、意向域名：   例如：api.mifi.pt.xiaomi.com
4、服务环境： 【staging】或【线上】或【preview】
5、访问范围：【公网】或【内网】
6、后端服务job名或英文简称：例如：mifi-pt-api
7、后端服务地址： 例如：c3-miui-fi-app02.bj:9582, c3-miui-fi-app03.bj:9582
8、如需多条转发规则，请在此说明清楚：例如：/api/ 开头的请求转发至mifi-pt-api，其余请求转发至nginx机器本地/home/work/bin/mifi-api-web-static/webapp/
9、其他特殊要求： 例如：超时时间设置为3分钟；支持websocket连接等","1.意向域名
2.是否同时注册其他后缀域名（例如：.net/.cn等，如有，请列举后缀）
3.以哪个公司开发票（米科？米移？等等；财务原则：与业务的财务归属保持一致，详询财务总账组）
4.费用分摊到哪个部门（基本与业务需求方的部门保持一致，详询BIMI团队）
5.是否需要保密，如是的话，域名则以个人名义注册
6.是否需要备案，如是请联系运维部王熙茜（wangxiqian@xiaomi.com)抄送sa-sys@xiaomi.com
7.是否需要纳入公司运维部域名管理系统维护（非IT职能部门的域名必须纳入），如是，请在域名申请后，发送邮件至运维部系统组sa-sys@xiaomi.com
8.是否有核准的商标在，如果需要申请新的商标名称请联系知识产权部付明月（fumingyue@xiaomi.com)
9.其他特殊要求","【问题描述】:
【产生时间】:
【具体原因】:
【影响范围】:(描述影响的请求数，用户量)
【临时解决方案】:(根本解决方案较复杂，短期难以实现情况下的临时解决方法)
【临时解决时间】:
【根本解决方案】:
【最终解决时间】:
【关健日志】: （描述问题的日志或记录）",,,,Others,,,,null,,NONE,24RC12-E4U3,,2024/11/08 15:39,,NONE,,2024/11/08 00:00,可用性,,否,,"测试项目:
测试方法:
ROM:
apk版本:
apk链接:
测试模块:
测试机型:",,代码bug,,,,,"<数据类型1>	<保留时间>
<数据类型2>	<保留时间>
<数据类型3>	<保留时间>

如果没有，填写不适用",N/A,,,否,,"输出的第三方公司名称	
输出的理由	
输出的数据类型（请上传数据字典）	
是否签署合同（提供数据保护附录( DPA）模板两种供下载：委托处理和数据共享两类，上传与对方协商确认后的DPA条款）	
监控第三方公司的技术措施（请描述，如抓包、限制权限）	
提供输出第三方的合法性证明（请提交隐私政策中相关描述或弹窗、提示样例等附隐私政策描述或弹窗提示）	
传输方式（请填写传输方式，如接口传输，数据导出等）	
	接口传输（请备注传输协议，数据加密方式）
	数据导出（请备注使用人员姓名）","1. 是否存在传输回大陆地区
  <是/否/不适用>
2. 是否存在其他国家间跨境数据传输
  <是/否>","如果有填写
1. 调用数据所属部门：
   <所属部门>
2. 调用数据所属业务系统：
   <业务系统>
3. 调用的数据表	
    3.1   云平台-数据工厂	<如果有 调用表的地址>
    3.2  云平台-MySQL	<如果有 调用表的地址>
     3.3 其它	<调用表的地址 调用的数据字典>",,"如存在匿名收集，请展开如下项填写			
字段名	字段类型	      字段注释	用途	匿名方式
<字段1 >  <字段类型1> <字段注释1> <用途1>  <匿名方式，如小米统计匿名方式>
<字段2 >  <字段类型2> <字段注释2> <用途2>  <匿名方式，如小米统计匿名方式>  


注：匿名收集是指用任何方式无法对应到一个用户或者一台设备，比如加密时增加了随机参数				",如果有请描述使用的数据类型和使用方式：,否,无,误报,适配已完成,否,"1、重装原因说明：

2、目标机器：

3、目标操作系统版本：

4、可操作时间：例如：随时 或 线下沟通约定",,,2024/11/08 15:39,2024/11/08 15:39,2024/11/08 15:39,,,,,,,,,ADD2 V22.0.2,PT车辆,,,,,yutingting9,,,E4U3,,,,"机器名(job/IP)：
安装路径：/usr/local/bin/ (默认)
安装包名：
安装命令：",,"请描述经过用户同意的方式：
1. 是否使用统一隐私政策，文本请参考https://www.mi.com/about/privacy/
   <是/否>
2. 使用独立隐私政策
   <是/否>
   <如果是独立政策，在这里填写独立隐私政策的链接地址, 如http://zzz.mi.com/zzzz >
   <如果是独立政策，这里填写 请附弹窗或提示的文案及产品样式图 的访问链接>
3. 服务器是否记录用户点击同意
   <是/否>
4. 隐私政策是否提供所有销售国家语种的版本
    <是/否>
5. 隐私政策在APP或系统设置的法律条款中可查看
    <是/否>
    <交互截图链接，或者附件名称>
6. 是否收集敏感数据，在弹窗中明示说明收集SPII
    <是/否>
    <如果是 这里填写 弹窗的文案及样式>
7. 在收集、披露或以其他方式使用儿童（注各国标准不同）个人信息之前，是否从父母或其他对儿童负有法律责任人处获得同意？ 
    <是/否>",否,"• 是	
	接入小米账号统一提供接口，请在附件提供前端UI截图
	    App中存在撤回同意入口（Withdraw Consent）
	收到用户要求可后台支持撤回同意
• 否	
	无海外版
        未完成","1、sftp环境或域名或IP：如 staging环境sftp  或 stagingsftp.pay.mipay.com  或 58.83.177.88:2222

2、使用场景： 例如： 上传下载影像文件、授权书、调额结果等文件

3、使用方：例如：贷款超市合作方马上金融

4、账号名： 例如:  lm_mashang

5、目录及权限： 例如：
/mi
mifi-loan-lm，RW
sftp-admin, RW
lm_mashang，R

/partner
mifi-loan-lm，RW
sftp-admin, RW
lm_mashang，RW

6、合作机构出口IP（通过公网访问时需要）：

7、数据保存时间：例如：1个月","1、机型套餐参考 ：http://xbudget.pt.xiaomi.com/

2、详细说明机器申请理由：

3、服务器配置(内存，CPU，磁盘，操作系统)：

4、套餐类型:",MI1.0,NONE,是,E4U3,,N/A,NONE,,,"1、背景及原因

2、源IP、源端口、网络协议、目的IP、目的端口：",,,,,,,,,,,生态链公司,0.0,,,,,,,MS11-5-800V,,,"1、机器：

2、服务：例如lcs-agent

3、如非标准服务，请提供下载和安装步骤说明。",软件问题,,,N/A,NONE,,jira-miliao-project,,,,,"此处填写部署步骤：
【1】order模块部署（示例）
git：git@v9.git.n.xiaomi.com:mijia-server/order.git
branch：dev
st job：job.order_service.order_servicegroup.shop_cluster.staging
",国内版,,,,,,待定,概率性偶发,,,2024/11/08 15:39,,,,,,,,待定,,0.0,,待定,,NONE,NONE,NONE,,,2024/11/08 15:39,2024/11/08 15:39,,NONE,,,2024/11/08 15:39,,,,,"Verification Version:

Verification Result:",请研发同事添加高通\MTK case ID,
【RPA泊出-武汉】冷启动泊出轨迹末端急刹,AD-323916,1552179,故障,初步分析,AD,自动驾驶 面向量产 问题,software,zhaohongyi,,,次要,,dongjianhao,p-xuhuiling,ad-inf-data,2024/10/29 18:19,2024/10/29 18:20,2024/12/23 17:58,,泊车,2024/11/12 00:00,0,RPA,RPA泊出,中途急刹,,"【测试车辆】: {color:#000000}adr::car:prod:MS11-1:LVEQGKDMN34L4BKR5{color}
【Event Key】: {color:#000000}EVENT_KEY_TRIGGER_RPA_PARKING_EXCEPTION{color}
【Extension Key】: {color:#000000}RpaParkingOutException{color}
【车辆编号】: {color:#000000}MT108{color}
【测试时间】: {color:#000000}2024-10-29 16:23:30~2024-10-29 16:24:10{color}
【原始数据切片-原始MCAP】: {color:#0000ff}[Event查看链接|https://cloud.evad.mioffice.cn/data/production-manage/event-list?event_id=1741835379&server=TJV1]{color}
【问题数据回放-MivizStudio】: {color:#0000ff}[Miviz Studio 在线可视化|https://prod-event-manage.evad.xiaomi.com/openapi/api/prod_event_web/v1/jira/redirect_studio?event_id=1741835379]{color}
【问题数据回放-SimView】: {color:#0000ff}[SimView可视化|https://prod-event-manage.evad.xiaomi.com/openapi/api/prod_event_web/v1/jira/redirect_simview?event_id=1741835379]{color}
【问题数据回放-SimView2Mp4】: 
【版本信息】: {color:#000000}manifest_mipilot_mbf_1427_20241026_16_37_26.txt{color}
【场景标签】: 
【问题标签】: 
【根因标签】: 
【问题描述】: 
【日志链接】: {color:#0000ff}[日志文件|https://prod-event-manage.evad.xiaomi.com/openapi/api/prod_event_web/v1/event/download?event_id=1741835379&download_type=5]{color}
【Jenkins链接】: {color:#0000ff}[Jenkins链接|https://jenkins.evad.mioffice.cn/blue/organizations/jenkins/mipilot_mbf/detail/mipilot_mbf/1427/pipeline]{color}
【Event ID】: {color:#0000ff}[1741835379|https://cloud.evad.mioffice.cn/data/production-manage/event-list?event_id=1741835379&server=TJV1]{color}
【工作流】: {color:#0000ff}[查看工作流|https://cloud.evad.mioffice.cn/data/production-manage/event-list/workflow-detail?event_id=1741835379&server=TJV1]{color}
【车辆位置】: 
【城市】: 
【车辆状态】: 
【auto_tags标签】: 
【感知数据融合】: 
【AEB感知AutoTriage结果】: 
【AutoTriageMetrics下载链接】:

测试人员：{*}张梦{*}

测试数据表：[‍​​​‌​​‬​​​‍​‌‍​​​​​‬​​⁠‬​​​⁠‌‬​​​​​‬‍⁠‌​​|https://xiaomi.f.mioffice.cn/sheets/shtk4HXO7bVukehsDWn2PE1PhYT?sheet=h2S94Z] [⁠‌​​​​​‌​‬​​‬​‬⁠‬​​⁠⁠​​‍​⁠‌​​​​​​‬‍​‍​​‌RPA_RC12发版性能泛化测试记录表_低配 - 飞书云文档|https://xiaomi.f.mioffice.cn/sheets/shtk4HXO7bVukehsDWn2PE1PhYT?sheet=5Bo7Uv]

SR：[1.7.43.1|http://1.7.43.1/]-RC12R1-sr_dcd_238

DCD：{*}S000002586001{*}

手机型号：{*}红米{*}

APP版本：{*}2024/9/12{*}

数据
Logging2024-10-29_16-11-03
video_50
video_ 50.1
拨杆按键时间：16:24:34
截图 !image-2024-10-29-18-20-20-279.png!",,ad-inf-data,,,,,,,,,,,,"2024/10/29 18:20;p-xuhuiling;image-2024-10-29-18-20-20-279.png;https://viim.ev.mi.com/secure/attachment/2056523/image-2024-10-29-18-20-20-279.png",,,,,2031/01/01 00:00,2024/10/29 18:19,2024/10/29 18:19,,BSP,,,,,,,To Do,,,,,,,"1、域名：
2、匹配规则：例如： /api/开头的请求
3、新增 或 删除规则：例如：新增
4、后端服务job名或英文简称：例如：mifi-pt-api
5、后端服务地址： 例如：c3-miui-fi-app02.bj:9582, c3-miui-fi-app03.bj:9582",,,,,,,,,,,泊车其他,,,,,,"0|i7ao0w:",,,,,,Hive,,,Empty(默认值),,,,,,,未分类,,,研发测试 Development Test,2024/10/29 18:19,MS11-1,,2024/10/29 18:19,,,MS11-1+ADD2 V22.0.1-Release+stable.20241026,K65_CN,"1、访问域名或url：例如：staging.mifi.pt.xiaomi.com

2、访问方：例如：贷款超市合作方马上金融测试环境

3、源IP：","需求背景：
1、背景描述（或当前存在问题）：
2、落地项目平台（内部代号）

详细描述：
1、UI菜单位置：
2、多语言翻译（支持多少种）：
3、详细描述（需要考虑默认焦点）：
4、异常情况处理：

UX/UE链接：",,"内容：
下线原因：
需要下线的机器/job：",2024/10/29 18:19,2024/10/29 18:19,C,,,,,2024/10/29 16:23,NONE,NONE,NONE,,,2024/10/29 18:19,,,一供,,,,,,,,,,,,NONE,NONE,,,NONE,NONE,"1、描述域名业务用途：例如：***业务
2、意向域名：***.xiaomi.srv
3、提供后端机器名或job名：
4、提供开发端口：
5、是否同时注册其他后缀域名：
6、其他特殊要求：
","1、机器名：

2、访问外网原因：",,,,,NONE,NONE,NONE,,NONE,,,,,商务合作,,普通变更,2024/10/29 18:19,,"1、域名：

2、下线原因：例如：业务不再使用","1、描述域名业务用途：例如：***平台 或 ***api接口域名
2、域名使用方或调用方：例如：金融app客户端 或 金服研发人员
3、意向域名：   例如：api.mifi.pt.xiaomi.com
4、服务环境： 【staging】或【线上】或【preview】
5、访问范围：【公网】或【内网】
6、后端服务job名或英文简称：例如：mifi-pt-api
7、后端服务地址： 例如：c3-miui-fi-app02.bj:9582, c3-miui-fi-app03.bj:9582
8、如需多条转发规则，请在此说明清楚：例如：/api/ 开头的请求转发至mifi-pt-api，其余请求转发至nginx机器本地/home/work/bin/mifi-api-web-static/webapp/
9、其他特殊要求： 例如：超时时间设置为3分钟；支持websocket连接等","1.意向域名
2.是否同时注册其他后缀域名（例如：.net/.cn等，如有，请列举后缀）
3.以哪个公司开发票（米科？米移？等等；财务原则：与业务的财务归属保持一致，详询财务总账组）
4.费用分摊到哪个部门（基本与业务需求方的部门保持一致，详询BIMI团队）
5.是否需要保密，如是的话，域名则以个人名义注册
6.是否需要备案，如是请联系运维部王熙茜（wangxiqian@xiaomi.com)抄送sa-sys@xiaomi.com
7.是否需要纳入公司运维部域名管理系统维护（非IT职能部门的域名必须纳入），如是，请在域名申请后，发送邮件至运维部系统组sa-sys@xiaomi.com
8.是否有核准的商标在，如果需要申请新的商标名称请联系知识产权部付明月（fumingyue@xiaomi.com)
9.其他特殊要求","【问题描述】:
【产生时间】:
【具体原因】:
【影响范围】:(描述影响的请求数，用户量)
【临时解决方案】:(根本解决方案较复杂，短期难以实现情况下的临时解决方法)
【临时解决时间】:
【根本解决方案】:
【最终解决时间】:
【关健日志】: （描述问题的日志或记录）",,,,Others,,,,null,,NONE,24RC12-E4U3,,2024/10/29 18:19,,NONE,,2024/10/29 00:00,可用性,,否,,"测试项目:
测试方法:
ROM:
apk版本:
apk链接:
测试模块:
测试机型:",,代码bug,,,,,"<数据类型1>	<保留时间>
<数据类型2>	<保留时间>
<数据类型3>	<保留时间>

如果没有，填写不适用",N/A,,,否,,"输出的第三方公司名称	
输出的理由	
输出的数据类型（请上传数据字典）	
是否签署合同（提供数据保护附录( DPA）模板两种供下载：委托处理和数据共享两类，上传与对方协商确认后的DPA条款）	
监控第三方公司的技术措施（请描述，如抓包、限制权限）	
提供输出第三方的合法性证明（请提交隐私政策中相关描述或弹窗、提示样例等附隐私政策描述或弹窗提示）	
传输方式（请填写传输方式，如接口传输，数据导出等）	
	接口传输（请备注传输协议，数据加密方式）
	数据导出（请备注使用人员姓名）","1. 是否存在传输回大陆地区
  <是/否/不适用>
2. 是否存在其他国家间跨境数据传输
  <是/否>","如果有填写
1. 调用数据所属部门：
   <所属部门>
2. 调用数据所属业务系统：
   <业务系统>
3. 调用的数据表	
    3.1   云平台-数据工厂	<如果有 调用表的地址>
    3.2  云平台-MySQL	<如果有 调用表的地址>
     3.3 其它	<调用表的地址 调用的数据字典>",,"如存在匿名收集，请展开如下项填写			
字段名	字段类型	      字段注释	用途	匿名方式
<字段1 >  <字段类型1> <字段注释1> <用途1>  <匿名方式，如小米统计匿名方式>
<字段2 >  <字段类型2> <字段注释2> <用途2>  <匿名方式，如小米统计匿名方式>  


注：匿名收集是指用任何方式无法对应到一个用户或者一台设备，比如加密时增加了随机参数				",如果有请描述使用的数据类型和使用方式：,否,无,误报,适配已完成,否,"1、重装原因说明：

2、目标机器：

3、目标操作系统版本：

4、可操作时间：例如：随时 或 线下沟通约定",,,2024/10/29 18:19,2024/10/29 18:19,2024/10/29 18:19,,,,,,,,,ADD2 V22.0.1,PT车辆,,,,,yutingting9,,,E4U3,,,,"机器名(job/IP)：
安装路径：/usr/local/bin/ (默认)
安装包名：
安装命令：",,"请描述经过用户同意的方式：
1. 是否使用统一隐私政策，文本请参考https://www.mi.com/about/privacy/
   <是/否>
2. 使用独立隐私政策
   <是/否>
   <如果是独立政策，在这里填写独立隐私政策的链接地址, 如http://zzz.mi.com/zzzz >
   <如果是独立政策，这里填写 请附弹窗或提示的文案及产品样式图 的访问链接>
3. 服务器是否记录用户点击同意
   <是/否>
4. 隐私政策是否提供所有销售国家语种的版本
    <是/否>
5. 隐私政策在APP或系统设置的法律条款中可查看
    <是/否>
    <交互截图链接，或者附件名称>
6. 是否收集敏感数据，在弹窗中明示说明收集SPII
    <是/否>
    <如果是 这里填写 弹窗的文案及样式>
7. 在收集、披露或以其他方式使用儿童（注各国标准不同）个人信息之前，是否从父母或其他对儿童负有法律责任人处获得同意？ 
    <是/否>",否,"• 是	
	接入小米账号统一提供接口，请在附件提供前端UI截图
	    App中存在撤回同意入口（Withdraw Consent）
	收到用户要求可后台支持撤回同意
• 否	
	无海外版
        未完成","1、sftp环境或域名或IP：如 staging环境sftp  或 stagingsftp.pay.mipay.com  或 58.83.177.88:2222

2、使用场景： 例如： 上传下载影像文件、授权书、调额结果等文件

3、使用方：例如：贷款超市合作方马上金融

4、账号名： 例如:  lm_mashang

5、目录及权限： 例如：
/mi
mifi-loan-lm，RW
sftp-admin, RW
lm_mashang，R

/partner
mifi-loan-lm，RW
sftp-admin, RW
lm_mashang，RW

6、合作机构出口IP（通过公网访问时需要）：

7、数据保存时间：例如：1个月","1、机型套餐参考 ：http://xbudget.pt.xiaomi.com/

2、详细说明机器申请理由：

3、服务器配置(内存，CPU，磁盘，操作系统)：

4、套餐类型:",MI1.0,NONE,是,E4U3,,N/A,NONE,,,"1、背景及原因

2、源IP、源端口、网络协议、目的IP、目的端口：",,,,,,,,,,,生态链公司,0.0,,,,,,,MS11-5-800V,,,"1、机器：

2、服务：例如lcs-agent

3、如非标准服务，请提供下载和安装步骤说明。",软件问题,,,N/A,NONE,,jira-miliao-project,,,,,"此处填写部署步骤：
【1】order模块部署（示例）
git：git@v9.git.n.xiaomi.com:mijia-server/order.git
branch：dev
st job：job.order_service.order_servicegroup.shop_cluster.staging
",国内版,,,,,,待定,概率性偶发,,,2024/10/29 18:19,,,,,,,,待定,,0.0,,待定,,NONE,NONE,NONE,,,2024/10/29 18:19,2024/10/29 18:19,,NONE,,,2024/10/29 18:19,,,,,"Verification Version:

Verification Result:",请研发同事添加高通\MTK case ID,
【RPA泛化-武汉】冷启动泊出过程中急刹一次（第一段前进轨迹中）,AD-310853,1517855,故障,初步分析,AD,自动驾驶 面向量产 问题,software,zhaohongyi,,,重要,,dongjianhao,p-lixuan19,ad-inf-data,2024/10/24 16:56,2024/10/24 16:59,2024/12/23 17:58,,泊车,2024/11/07 00:00,0,RPA,RPA泊出,中途急刹,,"【测试车辆】: {color:#000000}adr::car:prod:MS11-1:LVEQGKDMN34L4BKR5{color}
【Event Key】: {color:#000000}EVENT_KEY_TRIGGER_RPA_PARKING_EXCEPTION{color}
【Extension Key】: {color:#000000}RpaParkingOutException{color}
【车辆编号】: {color:#000000}MT108{color}
【测试时间】: {color:#000000}2024-10-24 15:54:59~2024-10-24 15:56:30{color}
【原始数据切片-原始MCAP】: {color:#0000ff}[Event查看链接|https://cloud.evad.mioffice.cn/data/production-manage/event-list?event_id=1690125027&server=TJV1]{color}
【问题数据回放-MivizStudio】: {color:#0000ff}[Miviz Studio 在线可视化|https://prod-event-manage.evad.xiaomi.com/openapi/api/prod_event_web/v1/jira/redirect_studio?event_id=1690125027]{color}
【问题数据回放-SimView】: {color:#0000ff}[SimView可视化|https://prod-event-manage.evad.xiaomi.com/openapi/api/prod_event_web/v1/jira/redirect_simview?event_id=1690125027]{color}
【问题数据回放-SimView2Mp4】: 
【版本信息】: {color:#000000}manifest_mipilot_mbf_1419_20241021_10_26_31.txt{color}
【场景标签】: 
【问题标签】: 
【根因标签】: 
【问题描述】: 
【日志链接】: {color:#0000ff}[日志文件|https://prod-event-manage.evad.xiaomi.com/openapi/api/prod_event_web/v1/event/download?event_id=1690125027&download_type=5]{color}
【Jenkins链接】: {color:#0000ff}[Jenkins链接|https://jenkins.evad.mioffice.cn/blue/organizations/jenkins/mipilot_mbf/detail/mipilot_mbf/1419/pipeline]{color}
【Event ID】: {color:#0000ff}[1690125027|https://cloud.evad.mioffice.cn/data/production-manage/event-list?event_id=1690125027&server=TJV1]{color}
【工作流】: {color:#0000ff}[查看工作流|https://cloud.evad.mioffice.cn/data/production-manage/event-list/workflow-detail?event_id=1690125027&server=TJV1]{color}
【车辆位置】: 
【城市】: 
【车辆状态】: 
【auto_tags标签】: 
【感知数据融合】: 
【AEB感知AutoTriage结果】: 
【AutoTriageMetrics下载链接】:

测试时间：2024/10/24

测试员：常海博
|DCD：S000001018FFF|
|SR：1.7.42.6-RC12R1-sr_dcd_236|

APP：2024/9/12

测试地点：武汉

手机：华为

表格链接：[‍‬​​‬​​​⁠​​‬⁠‬‬​⁠‬​​⁠​‌​‬​‌​‌‌​‍‬‬⁠⁠‍⁠‍​RPA_RC12发版性能泛化测试记录表_低配 - 飞书云文档|https://xiaomi.f.mioffice.cn/sheets/shtk4HXO7bVukehsDWn2PE1PhYT?sheet=9r3nRO]

数据：

""Logging2024-10-24_15-46-17
2024-10-24_15-54-44
拨杆/回传：15:56:46
video_22
video_22.1""
{color:#1f2329}备注： !image-2024-10-24-16-57-19-897.png!{color}

{color:#1f2329}截图： !image-2024-10-24-16-57-35-719.png!{color}",,ad-inf-data,,,,,,,,,,,,"2024/10/24 16:57;p-lixuan19;image-2024-10-24-16-57-19-897.png;https://viim.ev.mi.com/secure/attachment/2011597/image-2024-10-24-16-57-19-897.png","2024/10/24 16:57;p-lixuan19;image-2024-10-24-16-57-35-719.png;https://viim.ev.mi.com/secure/attachment/2011596/image-2024-10-24-16-57-35-719.png",,,,2031/01/01 00:00,2024/10/24 16:56,2024/10/24 16:56,,BSP,,,,,,,To Do,,,,,,,"1、域名：
2、匹配规则：例如： /api/开头的请求
3、新增 或 删除规则：例如：新增
4、后端服务job名或英文简称：例如：mifi-pt-api
5、后端服务地址： 例如：c3-miui-fi-app02.bj:9582, c3-miui-fi-app03.bj:9582",,,,,,,,,,,泊车其他,,,,,,"0|i74u68:",,,,,,Hive,,,Empty(默认值),,,,,,,未分类,,,研发测试 Development Test,2024/10/24 16:56,MS11-1,,2024/10/24 16:56,,,MS11-1+ADD2 V22.0.0-Release+stable.20241021,K65_CN,"1、访问域名或url：例如：staging.mifi.pt.xiaomi.com

2、访问方：例如：贷款超市合作方马上金融测试环境

3、源IP：","需求背景：
1、背景描述（或当前存在问题）：
2、落地项目平台（内部代号）

详细描述：
1、UI菜单位置：
2、多语言翻译（支持多少种）：
3、详细描述（需要考虑默认焦点）：
4、异常情况处理：

UX/UE链接：",,"内容：
下线原因：
需要下线的机器/job：",2024/10/24 16:56,2024/10/24 16:56,B,,,,,2024/10/24 15:55,NONE,NONE,NONE,,,2024/10/24 16:56,,,一供,,,,,,,,,,,,NONE,NONE,,,NONE,NONE,"1、描述域名业务用途：例如：***业务
2、意向域名：***.xiaomi.srv
3、提供后端机器名或job名：
4、提供开发端口：
5、是否同时注册其他后缀域名：
6、其他特殊要求：
","1、机器名：

2、访问外网原因：",,,,,NONE,NONE,NONE,,NONE,,,,,商务合作,,普通变更,2024/10/24 16:56,,"1、域名：

2、下线原因：例如：业务不再使用","1、描述域名业务用途：例如：***平台 或 ***api接口域名
2、域名使用方或调用方：例如：金融app客户端 或 金服研发人员
3、意向域名：   例如：api.mifi.pt.xiaomi.com
4、服务环境： 【staging】或【线上】或【preview】
5、访问范围：【公网】或【内网】
6、后端服务job名或英文简称：例如：mifi-pt-api
7、后端服务地址： 例如：c3-miui-fi-app02.bj:9582, c3-miui-fi-app03.bj:9582
8、如需多条转发规则，请在此说明清楚：例如：/api/ 开头的请求转发至mifi-pt-api，其余请求转发至nginx机器本地/home/work/bin/mifi-api-web-static/webapp/
9、其他特殊要求： 例如：超时时间设置为3分钟；支持websocket连接等","1.意向域名
2.是否同时注册其他后缀域名（例如：.net/.cn等，如有，请列举后缀）
3.以哪个公司开发票（米科？米移？等等；财务原则：与业务的财务归属保持一致，详询财务总账组）
4.费用分摊到哪个部门（基本与业务需求方的部门保持一致，详询BIMI团队）
5.是否需要保密，如是的话，域名则以个人名义注册
6.是否需要备案，如是请联系运维部王熙茜（wangxiqian@xiaomi.com)抄送sa-sys@xiaomi.com
7.是否需要纳入公司运维部域名管理系统维护（非IT职能部门的域名必须纳入），如是，请在域名申请后，发送邮件至运维部系统组sa-sys@xiaomi.com
8.是否有核准的商标在，如果需要申请新的商标名称请联系知识产权部付明月（fumingyue@xiaomi.com)
9.其他特殊要求","【问题描述】:
【产生时间】:
【具体原因】:
【影响范围】:(描述影响的请求数，用户量)
【临时解决方案】:(根本解决方案较复杂，短期难以实现情况下的临时解决方法)
【临时解决时间】:
【根本解决方案】:
【最终解决时间】:
【关健日志】: （描述问题的日志或记录）",,,,Others,,,,null,,NONE,24RC12-E4U3,,2024/10/24 16:56,,NONE,,2024/10/24 00:00,可用性,,否,,"测试项目:
测试方法:
ROM:
apk版本:
apk链接:
测试模块:
测试机型:",,代码bug,,,,,"<数据类型1>	<保留时间>
<数据类型2>	<保留时间>
<数据类型3>	<保留时间>

如果没有，填写不适用",N/A,,,否,,"输出的第三方公司名称	
输出的理由	
输出的数据类型（请上传数据字典）	
是否签署合同（提供数据保护附录( DPA）模板两种供下载：委托处理和数据共享两类，上传与对方协商确认后的DPA条款）	
监控第三方公司的技术措施（请描述，如抓包、限制权限）	
提供输出第三方的合法性证明（请提交隐私政策中相关描述或弹窗、提示样例等附隐私政策描述或弹窗提示）	
传输方式（请填写传输方式，如接口传输，数据导出等）	
	接口传输（请备注传输协议，数据加密方式）
	数据导出（请备注使用人员姓名）","1. 是否存在传输回大陆地区
  <是/否/不适用>
2. 是否存在其他国家间跨境数据传输
  <是/否>","如果有填写
1. 调用数据所属部门：
   <所属部门>
2. 调用数据所属业务系统：
   <业务系统>
3. 调用的数据表	
    3.1   云平台-数据工厂	<如果有 调用表的地址>
    3.2  云平台-MySQL	<如果有 调用表的地址>
     3.3 其它	<调用表的地址 调用的数据字典>",,"如存在匿名收集，请展开如下项填写			
字段名	字段类型	      字段注释	用途	匿名方式
<字段1 >  <字段类型1> <字段注释1> <用途1>  <匿名方式，如小米统计匿名方式>
<字段2 >  <字段类型2> <字段注释2> <用途2>  <匿名方式，如小米统计匿名方式>  


注：匿名收集是指用任何方式无法对应到一个用户或者一台设备，比如加密时增加了随机参数				",如果有请描述使用的数据类型和使用方式：,否,无,误报,适配已完成,否,"1、重装原因说明：

2、目标机器：

3、目标操作系统版本：

4、可操作时间：例如：随时 或 线下沟通约定",,,2024/10/24 16:56,2024/10/24 16:56,2024/10/24 16:56,,,,,,,,, ADD2 V22.0.0,PT车辆,,,,,yutingting9,,,E4U3,,,,"机器名(job/IP)：
安装路径：/usr/local/bin/ (默认)
安装包名：
安装命令：",,"请描述经过用户同意的方式：
1. 是否使用统一隐私政策，文本请参考https://www.mi.com/about/privacy/
   <是/否>
2. 使用独立隐私政策
   <是/否>
   <如果是独立政策，在这里填写独立隐私政策的链接地址, 如http://zzz.mi.com/zzzz >
   <如果是独立政策，这里填写 请附弹窗或提示的文案及产品样式图 的访问链接>
3. 服务器是否记录用户点击同意
   <是/否>
4. 隐私政策是否提供所有销售国家语种的版本
    <是/否>
5. 隐私政策在APP或系统设置的法律条款中可查看
    <是/否>
    <交互截图链接，或者附件名称>
6. 是否收集敏感数据，在弹窗中明示说明收集SPII
    <是/否>
    <如果是 这里填写 弹窗的文案及样式>
7. 在收集、披露或以其他方式使用儿童（注各国标准不同）个人信息之前，是否从父母或其他对儿童负有法律责任人处获得同意？ 
    <是/否>",否,"• 是	
	接入小米账号统一提供接口，请在附件提供前端UI截图
	    App中存在撤回同意入口（Withdraw Consent）
	收到用户要求可后台支持撤回同意
• 否	
	无海外版
        未完成","1、sftp环境或域名或IP：如 staging环境sftp  或 stagingsftp.pay.mipay.com  或 58.83.177.88:2222

2、使用场景： 例如： 上传下载影像文件、授权书、调额结果等文件

3、使用方：例如：贷款超市合作方马上金融

4、账号名： 例如:  lm_mashang

5、目录及权限： 例如：
/mi
mifi-loan-lm，RW
sftp-admin, RW
lm_mashang，R

/partner
mifi-loan-lm，RW
sftp-admin, RW
lm_mashang，RW

6、合作机构出口IP（通过公网访问时需要）：

7、数据保存时间：例如：1个月","1、机型套餐参考 ：http://xbudget.pt.xiaomi.com/

2、详细说明机器申请理由：

3、服务器配置(内存，CPU，磁盘，操作系统)：

4、套餐类型:",MI1.0,NONE,是,E4U3,,N/A,NONE,,,"1、背景及原因

2、源IP、源端口、网络协议、目的IP、目的端口：",,,,,,,,,,,生态链公司,0.0,,,,,,,MS11-5-800V,,,"1、机器：

2、服务：例如lcs-agent

3、如非标准服务，请提供下载和安装步骤说明。",软件问题,,,N/A,NONE,,jira-miliao-project,,,,,"此处填写部署步骤：
【1】order模块部署（示例）
git：git@v9.git.n.xiaomi.com:mijia-server/order.git
branch：dev
st job：job.order_service.order_servicegroup.shop_cluster.staging
",国内版,,,,,,待定,概率性偶发,,,2024/10/24 16:56,,,,,,,,待定,,0.0,,待定,,NONE,NONE,NONE,,,2024/10/24 16:56,2024/10/24 16:56,,NONE,,,2024/10/24 16:56,,,,,"Verification Version:

Verification Result:",请研发同事添加高通\MTK case ID,
【RPA泊出-武汉】冷启动泊出，泊出过程中中途急刹,AD-310571,1516659,故障,初步分析,AD,自动驾驶 面向量产 问题,software,zhaohongyi,,,重要,,dongjianhao,p-lixuan19,ad-inf-data,2024/10/24 15:24,2024/11/25 14:36,2024/12/23 17:58,,泊车,2024/11/07 00:00,0,RPA,RPA泊出,中途急刹,,"【测试车辆】: {color:#000000}adr::car:prod:MS11-5:LNBQJLWASEYRS3X95{color}
【Event Key】: {color:#000000}EVENT_KEY_TRIGGER_RPA_PARKING_EXCEPTION{color}
【Extension Key】: {color:#000000}RpaParkingOutException{color}
【车辆编号】: {color:#000000}PP062{color}
【测试时间】: {color:#000000}2024-10-24 12:08:46~2024-10-24 12:09:29{color}
【原始数据切片-原始MCAP】: {color:#0000ff}[Event查看链接|https://cloud.evad.mioffice.cn/data/production-manage/event-list?event_id=1687835617&server=TJV1]{color}
【问题数据回放-MivizStudio】: {color:#0000ff}[Miviz Studio 在线可视化|https://prod-event-manage.evad.xiaomi.com/openapi/api/prod_event_web/v1/jira/redirect_studio?event_id=1687835617]{color}
【问题数据回放-SimView】: {color:#0000ff}[SimView可视化|https://prod-event-manage.evad.xiaomi.com/openapi/api/prod_event_web/v1/jira/redirect_simview?event_id=1687835617]{color}
【问题数据回放-SimView2Mp4】: 
【版本信息】: {color:#000000}manifest_mipilot_mbf_1418_20241021_10_24_59.txt{color}
【场景标签】: 
【问题标签】: 
【根因标签】: 
【问题描述】: 
【日志链接】: {color:#0000ff}[日志文件|https://prod-event-manage.evad.xiaomi.com/openapi/api/prod_event_web/v1/event/download?event_id=1687835617&download_type=5]{color}
【Jenkins链接】: {color:#0000ff}[Jenkins链接|https://jenkins.evad.mioffice.cn/blue/organizations/jenkins/mipilot_mbf/detail/mipilot_mbf/1418/pipeline]{color}
【Event ID】: {color:#0000ff}[1687835617|https://cloud.evad.mioffice.cn/data/production-manage/event-list?event_id=1687835617&server=TJV1]{color}
【工作流】: {color:#0000ff}[查看工作流|https://cloud.evad.mioffice.cn/data/production-manage/event-list/workflow-detail?event_id=1687835617&server=TJV1]{color}
【车辆位置】: 
【城市】: 
【车辆状态】: 
【auto_tags标签】: 
【感知数据融合】: 
【AEB感知AutoTriage结果】: 
【AutoTriageMetrics下载链接】:

测试人员：侯涛/唐小松

测试数据表：[⁠​‌‌​​​‬​‌​‬​⁠‍⁠‍‌​​‍‍​⁠⁠‌‍‬‌‬⁠‌⁠‍⁠​‬​‬​​‌​RPA_RC12发版性能泛化测试记录表_高配 - 飞书云文档|https://xiaomi.f.mioffice.cn/sheets/shtk4fi2iDQuW6h1CoyGPIwA25d?sheet=CkN1vP]

SR：release-1.7.42.6-RC12R1-sr_dcd_236

DCD：S000001018FFF

手机型号：小米14Pro

APP版本：2024/9/12 22:00

数据：

""按键/一键回：12:09:44
2024-10-24_12-08-48
video_10
video_10.1""

截图： !image-2024-10-24-15-25-22-774.png!",,ad-inf-data,,,,,,,,,,,,"2024/10/24 15:25;p-lixuan19;image-2024-10-24-15-25-22-774.png;https://viim.ev.mi.com/secure/attachment/2010082/image-2024-10-24-15-25-22-774.png",,,,,2031/01/01 00:00,2024/10/24 15:24,2024/10/24 15:24,,BSP,,,,,,,To Do,,,,,,,"1、域名：
2、匹配规则：例如： /api/开头的请求
3、新增 或 删除规则：例如：新增
4、后端服务job名或英文简称：例如：mifi-pt-api
5、后端服务地址： 例如：c3-miui-fi-app02.bj:9582, c3-miui-fi-app03.bj:9582",,,,,,,,,,,泊车其他,,,,,,"0|i74n2g:",,,,,,Hive,,,Empty(默认值),,,,,,,未分类,,,研发测试 Development Test,2024/10/24 15:24,MS11-5,,2024/10/24 15:24,,,MS11-5+ADD V22.0.0-Release+stable.20241021,K65_CN,"1、访问域名或url：例如：staging.mifi.pt.xiaomi.com

2、访问方：例如：贷款超市合作方马上金融测试环境

3、源IP：","需求背景：
1、背景描述（或当前存在问题）：
2、落地项目平台（内部代号）

详细描述：
1、UI菜单位置：
2、多语言翻译（支持多少种）：
3、详细描述（需要考虑默认焦点）：
4、异常情况处理：

UX/UE链接：",,"内容：
下线原因：
需要下线的机器/job：",2024/10/24 15:24,2024/10/24 15:24,B,,,,,2024/10/24 12:08,NONE,NONE,NONE,,,2024/10/24 15:24,,,一供,,,,,,,,,,,,NONE,NONE,,,NONE,NONE,"1、描述域名业务用途：例如：***业务
2、意向域名：***.xiaomi.srv
3、提供后端机器名或job名：
4、提供开发端口：
5、是否同时注册其他后缀域名：
6、其他特殊要求：
","1、机器名：

2、访问外网原因：",,,,,NONE,NONE,NONE,,NONE,,,,,商务合作,,普通变更,2024/10/24 15:24,,"1、域名：

2、下线原因：例如：业务不再使用","1、描述域名业务用途：例如：***平台 或 ***api接口域名
2、域名使用方或调用方：例如：金融app客户端 或 金服研发人员
3、意向域名：   例如：api.mifi.pt.xiaomi.com
4、服务环境： 【staging】或【线上】或【preview】
5、访问范围：【公网】或【内网】
6、后端服务job名或英文简称：例如：mifi-pt-api
7、后端服务地址： 例如：c3-miui-fi-app02.bj:9582, c3-miui-fi-app03.bj:9582
8、如需多条转发规则，请在此说明清楚：例如：/api/ 开头的请求转发至mifi-pt-api，其余请求转发至nginx机器本地/home/work/bin/mifi-api-web-static/webapp/
9、其他特殊要求： 例如：超时时间设置为3分钟；支持websocket连接等","1.意向域名
2.是否同时注册其他后缀域名（例如：.net/.cn等，如有，请列举后缀）
3.以哪个公司开发票（米科？米移？等等；财务原则：与业务的财务归属保持一致，详询财务总账组）
4.费用分摊到哪个部门（基本与业务需求方的部门保持一致，详询BIMI团队）
5.是否需要保密，如是的话，域名则以个人名义注册
6.是否需要备案，如是请联系运维部王熙茜（wangxiqian@xiaomi.com)抄送sa-sys@xiaomi.com
7.是否需要纳入公司运维部域名管理系统维护（非IT职能部门的域名必须纳入），如是，请在域名申请后，发送邮件至运维部系统组sa-sys@xiaomi.com
8.是否有核准的商标在，如果需要申请新的商标名称请联系知识产权部付明月（fumingyue@xiaomi.com)
9.其他特殊要求","【问题描述】:
【产生时间】:
【具体原因】:
【影响范围】:(描述影响的请求数，用户量)
【临时解决方案】:(根本解决方案较复杂，短期难以实现情况下的临时解决方法)
【临时解决时间】:
【根本解决方案】:
【最终解决时间】:
【关健日志】: （描述问题的日志或记录）",,,,Others,,,,null,,NONE,24RC12-E4U3,,2024/10/24 15:24,,NONE,,2024/10/24 00:00,可用性,,否,,"测试项目:
测试方法:
ROM:
apk版本:
apk链接:
测试模块:
测试机型:",,代码bug,,,,,"<数据类型1>	<保留时间>
<数据类型2>	<保留时间>
<数据类型3>	<保留时间>

如果没有，填写不适用",N/A,,,否,,"输出的第三方公司名称	
输出的理由	
输出的数据类型（请上传数据字典）	
是否签署合同（提供数据保护附录( DPA）模板两种供下载：委托处理和数据共享两类，上传与对方协商确认后的DPA条款）	
监控第三方公司的技术措施（请描述，如抓包、限制权限）	
提供输出第三方的合法性证明（请提交隐私政策中相关描述或弹窗、提示样例等附隐私政策描述或弹窗提示）	
传输方式（请填写传输方式，如接口传输，数据导出等）	
	接口传输（请备注传输协议，数据加密方式）
	数据导出（请备注使用人员姓名）","1. 是否存在传输回大陆地区
  <是/否/不适用>
2. 是否存在其他国家间跨境数据传输
  <是/否>","如果有填写
1. 调用数据所属部门：
   <所属部门>
2. 调用数据所属业务系统：
   <业务系统>
3. 调用的数据表	
    3.1   云平台-数据工厂	<如果有 调用表的地址>
    3.2  云平台-MySQL	<如果有 调用表的地址>
     3.3 其它	<调用表的地址 调用的数据字典>",,"如存在匿名收集，请展开如下项填写			
字段名	字段类型	      字段注释	用途	匿名方式
<字段1 >  <字段类型1> <字段注释1> <用途1>  <匿名方式，如小米统计匿名方式>
<字段2 >  <字段类型2> <字段注释2> <用途2>  <匿名方式，如小米统计匿名方式>  


注：匿名收集是指用任何方式无法对应到一个用户或者一台设备，比如加密时增加了随机参数				",如果有请描述使用的数据类型和使用方式：,否,无,误报,适配已完成,否,"1、重装原因说明：

2、目标机器：

3、目标操作系统版本：

4、可操作时间：例如：随时 或 线下沟通约定",,,2024/10/24 15:24,2024/10/24 15:24,2024/10/24 15:24,,,,,,,,,ADD V22.0.0,PT车辆,,,,,yutingting9,,,E4U3,,,,"机器名(job/IP)：
安装路径：/usr/local/bin/ (默认)
安装包名：
安装命令：",,"请描述经过用户同意的方式：
1. 是否使用统一隐私政策，文本请参考https://www.mi.com/about/privacy/
   <是/否>
2. 使用独立隐私政策
   <是/否>
   <如果是独立政策，在这里填写独立隐私政策的链接地址, 如http://zzz.mi.com/zzzz >
   <如果是独立政策，这里填写 请附弹窗或提示的文案及产品样式图 的访问链接>
3. 服务器是否记录用户点击同意
   <是/否>
4. 隐私政策是否提供所有销售国家语种的版本
    <是/否>
5. 隐私政策在APP或系统设置的法律条款中可查看
    <是/否>
    <交互截图链接，或者附件名称>
6. 是否收集敏感数据，在弹窗中明示说明收集SPII
    <是/否>
    <如果是 这里填写 弹窗的文案及样式>
7. 在收集、披露或以其他方式使用儿童（注各国标准不同）个人信息之前，是否从父母或其他对儿童负有法律责任人处获得同意？ 
    <是/否>",否,"• 是	
	接入小米账号统一提供接口，请在附件提供前端UI截图
	    App中存在撤回同意入口（Withdraw Consent）
	收到用户要求可后台支持撤回同意
• 否	
	无海外版
        未完成","1、sftp环境或域名或IP：如 staging环境sftp  或 stagingsftp.pay.mipay.com  或 58.83.177.88:2222

2、使用场景： 例如： 上传下载影像文件、授权书、调额结果等文件

3、使用方：例如：贷款超市合作方马上金融

4、账号名： 例如:  lm_mashang

5、目录及权限： 例如：
/mi
mifi-loan-lm，RW
sftp-admin, RW
lm_mashang，R

/partner
mifi-loan-lm，RW
sftp-admin, RW
lm_mashang，RW

6、合作机构出口IP（通过公网访问时需要）：

7、数据保存时间：例如：1个月","1、机型套餐参考 ：http://xbudget.pt.xiaomi.com/

2、详细说明机器申请理由：

3、服务器配置(内存，CPU，磁盘，操作系统)：

4、套餐类型:",MI1.0,NONE,是,E4U3,,N/A,NONE,,,"1、背景及原因

2、源IP、源端口、网络协议、目的IP、目的端口：",,,,,,,,,,,生态链公司,0.0,,,,,,,MS11-5-800V,,,"1、机器：

2、服务：例如lcs-agent

3、如非标准服务，请提供下载和安装步骤说明。",软件问题,,,N/A,NONE,,jira-miliao-project,,,,,"此处填写部署步骤：
【1】order模块部署（示例）
git：git@v9.git.n.xiaomi.com:mijia-server/order.git
branch：dev
st job：job.order_service.order_servicegroup.shop_cluster.staging
",国内版,,,,,,待定,概率性偶发,,,2024/10/24 15:24,,,,,,,,待定,,0.0,,待定,,NONE,NONE,NONE,,,2024/10/24 15:24,2024/10/24 15:24,,NONE,,,2024/10/24 15:24,,,,,"Verification Version:

Verification Result:",请研发同事添加高通\MTK case ID,
【RPA泛化-上海】遥控泊出，在库外第一段后向轨迹打方向时车身晃动,AD-310431,1516053,故障,初步分析,AD,自动驾驶 面向量产 问题,software,zhaohongyi,,,次要,,dongjianhao,p-chenkefei,ad-inf-data,2024/10/24 14:38,2024/12/20 16:54,2024/12/23 17:58,,泊车,2024/11/07 00:00,0,RPA,RPA泊出,车身晃动,,"【测试车辆】: {color:#000000}adr::car:prod:MS11-2:LNBQAMRUJTRZPCG73{color}
【Event Key】: {color:#000000}EVENT_KEY_TRIGGER_RPA_PARKING_EXCEPTION{color}
【Extension Key】: {color:#000000}RpaParkingOutException{color}
【车辆编号】: {color:#000000}PP021{color}
【测试时间】: {color:#000000}2024-10-24 11:23:03~2024-10-24 11:23:57{color}
【原始数据切片-原始MCAP】: {color:#0000ff}[Event查看链接|https://cloud.evad.mioffice.cn/data/production-manage/event-list?event_id=1687427451&server=TJV1]{color}
【问题数据回放-MivizStudio】: {color:#0000ff}[Miviz Studio 在线可视化|https://prod-event-manage.evad.xiaomi.com/openapi/api/prod_event_web/v1/jira/redirect_studio?event_id=1687427451]{color}
【问题数据回放-SimView】: {color:#0000ff}[SimView可视化|https://prod-event-manage.evad.xiaomi.com/openapi/api/prod_event_web/v1/jira/redirect_simview?event_id=1687427451]{color}
【问题数据回放-SimView2Mp4】: 
【版本信息】: {color:#000000}manifest_mipilot_mbf_debug_29934_20241022_12_35_27.txt{color}
【场景标签】: 
【问题标签】: 
【根因标签】: 
【问题描述】: 
【日志链接】: {color:#0000ff}[日志文件|https://prod-event-manage.evad.xiaomi.com/openapi/api/prod_event_web/v1/event/download?event_id=1687427451&download_type=5]{color}
【Jenkins链接】: {color:#0000ff}[Jenkins链接|https://jenkins.evad.mioffice.cn/blue/organizations/jenkins/mipilot_mbf_debug/detail/mipilot_mbf_debug/29934/pipeline]{color}
【Event ID】: {color:#0000ff}[1687427451|https://cloud.evad.mioffice.cn/data/production-manage/event-list?event_id=1687427451&server=TJV1]{color}
【工作流】: {color:#0000ff}[查看工作流|https://cloud.evad.mioffice.cn/data/production-manage/event-list/workflow-detail?event_id=1687427451&server=TJV1]{color}
【车辆位置】: 
【城市】: 
【车辆状态】: 
【auto_tags标签】: 
【感知数据融合】: 
【AEB感知AutoTriage结果】: 
【AutoTriageMetrics下载链接】:

测试员：{*}徐贺堂{*}
|手机：一加acePro|
|APP：2024/9/12 22:00|
|DCD：S000001018FFF|
|SR：1.7.42.6-RC12R1-sr_dcd_236|

表格链接：[‌​​‌​​‬​​​​‍⁠‍​‌⁠‌​​​​​​​‍​‍​​​​‬​‌​‌​​⁠​RPA_RC12合入前验证泛化记录表_低配 - 飞书云文档|https://xiaomi.f.mioffice.cn/sheets/shtk443KusrRZrAf4zHc6xf47hb?sheet=Yjz5Bx]

日志/视频链接：[对象存储（FDS）控制台 - 小米融合云|https://cloud.mioffice.cn/#/product/file-store/objects/data-storage/Veh_Parking/PP021/2024-10-24]

数据：
11:23:23
video_14
video_14.1
 ",,ad-inf-data,,,,,,,,,,,,,,,,,2031/01/01 00:00,2024/10/24 14:38,2024/10/24 14:38,,BSP,,,,,,,To Do,,,,,,,"1、域名：
2、匹配规则：例如： /api/开头的请求
3、新增 或 删除规则：例如：新增
4、后端服务job名或英文简称：例如：mifi-pt-api
5、后端服务地址： 例如：c3-miui-fi-app02.bj:9582, c3-miui-fi-app03.bj:9582",,,,,,,,,,,泊车其他,,,,,,"0|i74jfs:",,,,,,Hive,,,Empty(默认值),,,,,,,未分类,,,研发测试 Development Test,2024/10/24 14:38,MS11-2,,2024/10/24 14:38,,,,K65_CN,"1、访问域名或url：例如：staging.mifi.pt.xiaomi.com

2、访问方：例如：贷款超市合作方马上金融测试环境

3、源IP：","需求背景：
1、背景描述（或当前存在问题）：
2、落地项目平台（内部代号）

详细描述：
1、UI菜单位置：
2、多语言翻译（支持多少种）：
3、详细描述（需要考虑默认焦点）：
4、异常情况处理：

UX/UE链接：",,"内容：
下线原因：
需要下线的机器/job：",2024/10/24 14:38,2024/10/24 14:38,C,,,,,2024/10/24 11:23,NONE,NONE,NONE,,,2024/10/24 14:38,,,一供,,,,,,,,,,,,NONE,NONE,,,NONE,NONE,"1、描述域名业务用途：例如：***业务
2、意向域名：***.xiaomi.srv
3、提供后端机器名或job名：
4、提供开发端口：
5、是否同时注册其他后缀域名：
6、其他特殊要求：
","1、机器名：

2、访问外网原因：",,,,,NONE,NONE,NONE,,NONE,,,,,商务合作,,普通变更,2024/10/24 14:38,,"1、域名：

2、下线原因：例如：业务不再使用","1、描述域名业务用途：例如：***平台 或 ***api接口域名
2、域名使用方或调用方：例如：金融app客户端 或 金服研发人员
3、意向域名：   例如：api.mifi.pt.xiaomi.com
4、服务环境： 【staging】或【线上】或【preview】
5、访问范围：【公网】或【内网】
6、后端服务job名或英文简称：例如：mifi-pt-api
7、后端服务地址： 例如：c3-miui-fi-app02.bj:9582, c3-miui-fi-app03.bj:9582
8、如需多条转发规则，请在此说明清楚：例如：/api/ 开头的请求转发至mifi-pt-api，其余请求转发至nginx机器本地/home/work/bin/mifi-api-web-static/webapp/
9、其他特殊要求： 例如：超时时间设置为3分钟；支持websocket连接等","1.意向域名
2.是否同时注册其他后缀域名（例如：.net/.cn等，如有，请列举后缀）
3.以哪个公司开发票（米科？米移？等等；财务原则：与业务的财务归属保持一致，详询财务总账组）
4.费用分摊到哪个部门（基本与业务需求方的部门保持一致，详询BIMI团队）
5.是否需要保密，如是的话，域名则以个人名义注册
6.是否需要备案，如是请联系运维部王熙茜（wangxiqian@xiaomi.com)抄送sa-sys@xiaomi.com
7.是否需要纳入公司运维部域名管理系统维护（非IT职能部门的域名必须纳入），如是，请在域名申请后，发送邮件至运维部系统组sa-sys@xiaomi.com
8.是否有核准的商标在，如果需要申请新的商标名称请联系知识产权部付明月（fumingyue@xiaomi.com)
9.其他特殊要求","【问题描述】:
【产生时间】:
【具体原因】:
【影响范围】:(描述影响的请求数，用户量)
【临时解决方案】:(根本解决方案较复杂，短期难以实现情况下的临时解决方法)
【临时解决时间】:
【根本解决方案】:
【最终解决时间】:
【关健日志】: （描述问题的日志或记录）",,,,Others,,,,null,,NONE,24RC12-E4U3,,2024/10/24 14:38,,NONE,,2024/10/24 00:00,可用性,,否,,"测试项目:
测试方法:
ROM:
apk版本:
apk链接:
测试模块:
测试机型:",,代码bug,,,,,"<数据类型1>	<保留时间>
<数据类型2>	<保留时间>
<数据类型3>	<保留时间>

如果没有，填写不适用",N/A,,,否,,"输出的第三方公司名称	
输出的理由	
输出的数据类型（请上传数据字典）	
是否签署合同（提供数据保护附录( DPA）模板两种供下载：委托处理和数据共享两类，上传与对方协商确认后的DPA条款）	
监控第三方公司的技术措施（请描述，如抓包、限制权限）	
提供输出第三方的合法性证明（请提交隐私政策中相关描述或弹窗、提示样例等附隐私政策描述或弹窗提示）	
传输方式（请填写传输方式，如接口传输，数据导出等）	
	接口传输（请备注传输协议，数据加密方式）
	数据导出（请备注使用人员姓名）","1. 是否存在传输回大陆地区
  <是/否/不适用>
2. 是否存在其他国家间跨境数据传输
  <是/否>","如果有填写
1. 调用数据所属部门：
   <所属部门>
2. 调用数据所属业务系统：
   <业务系统>
3. 调用的数据表	
    3.1   云平台-数据工厂	<如果有 调用表的地址>
    3.2  云平台-MySQL	<如果有 调用表的地址>
     3.3 其它	<调用表的地址 调用的数据字典>",,"如存在匿名收集，请展开如下项填写			
字段名	字段类型	      字段注释	用途	匿名方式
<字段1 >  <字段类型1> <字段注释1> <用途1>  <匿名方式，如小米统计匿名方式>
<字段2 >  <字段类型2> <字段注释2> <用途2>  <匿名方式，如小米统计匿名方式>  


注：匿名收集是指用任何方式无法对应到一个用户或者一台设备，比如加密时增加了随机参数				",如果有请描述使用的数据类型和使用方式：,否,无,误报,适配已完成,否,"1、重装原因说明：

2、目标机器：

3、目标操作系统版本：

4、可操作时间：例如：随时 或 线下沟通约定",,,2024/10/24 14:38,2024/10/24 14:38,2024/10/24 14:38,,,,,,,,,ADD2 Vdebug_29934,PT车辆,,,,,yutingting9,,,E4U3,,,,"机器名(job/IP)：
安装路径：/usr/local/bin/ (默认)
安装包名：
安装命令：",,"请描述经过用户同意的方式：
1. 是否使用统一隐私政策，文本请参考https://www.mi.com/about/privacy/
   <是/否>
2. 使用独立隐私政策
   <是/否>
   <如果是独立政策，在这里填写独立隐私政策的链接地址, 如http://zzz.mi.com/zzzz >
   <如果是独立政策，这里填写 请附弹窗或提示的文案及产品样式图 的访问链接>
3. 服务器是否记录用户点击同意
   <是/否>
4. 隐私政策是否提供所有销售国家语种的版本
    <是/否>
5. 隐私政策在APP或系统设置的法律条款中可查看
    <是/否>
    <交互截图链接，或者附件名称>
6. 是否收集敏感数据，在弹窗中明示说明收集SPII
    <是/否>
    <如果是 这里填写 弹窗的文案及样式>
7. 在收集、披露或以其他方式使用儿童（注各国标准不同）个人信息之前，是否从父母或其他对儿童负有法律责任人处获得同意？ 
    <是/否>",否,"• 是	
	接入小米账号统一提供接口，请在附件提供前端UI截图
	    App中存在撤回同意入口（Withdraw Consent）
	收到用户要求可后台支持撤回同意
• 否	
	无海外版
        未完成","1、sftp环境或域名或IP：如 staging环境sftp  或 stagingsftp.pay.mipay.com  或 58.83.177.88:2222

2、使用场景： 例如： 上传下载影像文件、授权书、调额结果等文件

3、使用方：例如：贷款超市合作方马上金融

4、账号名： 例如:  lm_mashang

5、目录及权限： 例如：
/mi
mifi-loan-lm，RW
sftp-admin, RW
lm_mashang，R

/partner
mifi-loan-lm，RW
sftp-admin, RW
lm_mashang，RW

6、合作机构出口IP（通过公网访问时需要）：

7、数据保存时间：例如：1个月","1、机型套餐参考 ：http://xbudget.pt.xiaomi.com/

2、详细说明机器申请理由：

3、服务器配置(内存，CPU，磁盘，操作系统)：

4、套餐类型:",MI1.0,NONE,是,E4U3,,N/A,NONE,,,"1、背景及原因

2、源IP、源端口、网络协议、目的IP、目的端口：",,,,,,,,,,,生态链公司,0.0,,,,,,,MS11-5-800V,,,"1、机器：

2、服务：例如lcs-agent

3、如非标准服务，请提供下载和安装步骤说明。",软件问题,,,N/A,NONE,,jira-miliao-project,,,,,"此处填写部署步骤：
【1】order模块部署（示例）
git：git@v9.git.n.xiaomi.com:mijia-server/order.git
branch：dev
st job：job.order_service.order_servicegroup.shop_cluster.staging
",国内版,,,,,,待定,概率性偶发,,,2024/10/24 14:38,,,,,,,,待定,,0.0,,待定,,NONE,NONE,NONE,,,2024/10/24 14:38,2024/10/24 14:38,,NONE,,,2024/10/24 14:38,,,,,"Verification Version:

Verification Result:",请研发同事添加高通\MTK case ID,
【RPA泊出泛化-上海】遥控泊出过程中，中途急刹,AD-309870,1513973,故障,初步分析,AD,自动驾驶 面向量产 问题,software,zhaohongyi,,,次要,,dongjianhao,p-chenjiale7,ad-inf-data,2024/10/24 10:01,2024/10/24 18:35,2024/12/23 17:58,,泊车,2024/11/07 00:00,0,RPA,RPA泊出,中途急刹,,"【测试车辆】: {color:#000000}adr::car:prod:MS11-2:LNBQAMRUJTRZPCG73{color}
【Event Key】: {color:#000000}EVENT_KEY_TRIGGER_RPA_PARKING_EXCEPTION{color}
【Extension Key】: {color:#000000}RpaParkingOutException{color}
【车辆编号】: {color:#000000}PP021{color}
【测试时间】: {color:#000000}2024-10-23 21:12:12~2024-10-23 21:13:34{color}
【原始数据切片-原始MCAP】: {color:#0000ff}[Event查看链接|https://cloud.evad.mioffice.cn/data/production-manage/event-list?event_id=1683971599&server=TJV1]{color}
【问题数据回放-MivizStudio】: {color:#0000ff}[Miviz Studio 在线可视化|https://prod-event-manage.evad.xiaomi.com/openapi/api/prod_event_web/v1/jira/redirect_studio?event_id=1683971599]{color}
【问题数据回放-SimView】: {color:#0000ff}[SimView可视化|https://prod-event-manage.evad.xiaomi.com/openapi/api/prod_event_web/v1/jira/redirect_simview?event_id=1683971599]{color}
【问题数据回放-SimView2Mp4】: 
【版本信息】: {color:#000000}manifest_mipilot_mbf_debug_29934_20241022_12_35_27.txt{color}
【场景标签】: 
【问题标签】: 
【根因标签】: 
【问题描述】: 
【日志链接】: {color:#0000ff}[日志文件|https://prod-event-manage.evad.xiaomi.com/openapi/api/prod_event_web/v1/event/download?event_id=1683971599&download_type=5]{color}
【Jenkins链接】: {color:#0000ff}[Jenkins链接|https://jenkins.evad.mioffice.cn/blue/organizations/jenkins/mipilot_mbf_debug/detail/mipilot_mbf_debug/29934/pipeline]{color}
【Event ID】: {color:#0000ff}[1683971599|https://cloud.evad.mioffice.cn/data/production-manage/event-list?event_id=1683971599&server=TJV1]{color}
【工作流】: {color:#0000ff}[查看工作流|https://cloud.evad.mioffice.cn/data/production-manage/event-list/workflow-detail?event_id=1683971599&server=TJV1]{color}
【车辆位置】: 
【城市】: 
【车辆状态】: 
【auto_tags标签】: 
【感知数据融合】: 
【AEB感知AutoTriage结果】: 
【AutoTriageMetrics下载链接】:

测试员：徐贺堂

手机：一加acePro

APP：2024/9/12 *22:00:24*
ADD：debug_29934
|DCD：S000001018FFF|
|SR：1.7.42.6-RC12R1-sr_dcd_236|

表格链接：[‌⁠​​​​⁠‬‌‌⁠​​​​​​​​​​‌​​‬​​‬‍​‍‬​​⁠‍​​‬​​​​‌​RPA_RC12合入前验证泛化记录表_低配 - 飞书云文档|https://xiaomi.f.mioffice.cn/sheets/shtk443KusrRZrAf4zHc6xf47hb?sheet=dqWaeC]

数据：
{color:#1f2329}21:12:54{color}
{color:#1f2329}video_67{color}
{color:#1f2329}video_67.1{color}
{color:#1f2329}备注： !image-2024-10-24-10-07-39-689.png!{color}
{color:#1f2329}!image-2024-10-24-10-06-24-111.png!{color}
 ",,ad-inf-data,zhongzhuo,,,,,,,,,AD-309892,,"2024/10/24 10:03;p-chenjiale7;image-2024-10-24-10-03-58-899.png;https://viim.ev.mi.com/secure/attachment/2006793/image-2024-10-24-10-03-58-899.png","2024/10/24 10:06;p-chenjiale7;image-2024-10-24-10-06-24-111.png;https://viim.ev.mi.com/secure/attachment/2006792/image-2024-10-24-10-06-24-111.png","2024/10/24 10:07;p-chenjiale7;image-2024-10-24-10-07-39-689.png;https://viim.ev.mi.com/secure/attachment/2006901/image-2024-10-24-10-07-39-689.png","2024/10/24 18:35;zhongzhuo;image-2024-10-24-18-35-01-249.png;https://viim.ev.mi.com/secure/attachment/2012870/image-2024-10-24-18-35-01-249.png",,2031/01/01 00:00,2024/10/24 10:01,2024/10/24 10:01,,BSP,,,,,,,To Do,,,,,,,"1、域名：
2、匹配规则：例如： /api/开头的请求
3、新增 或 删除规则：例如：新增
4、后端服务job名或英文简称：例如：mifi-pt-api
5、后端服务地址： 例如：c3-miui-fi-app02.bj:9582, c3-miui-fi-app03.bj:9582",,,,,,,,,,,泊车其他,,,,,,"0|i7469c:",,,,,,Hive,,,Empty(默认值),,,,,,,未分类,,,研发测试 Development Test,2024/10/24 10:01,MS11-2,,2024/10/24 10:01,,,,K65_CN,"1、访问域名或url：例如：staging.mifi.pt.xiaomi.com

2、访问方：例如：贷款超市合作方马上金融测试环境

3、源IP：","需求背景：
1、背景描述（或当前存在问题）：
2、落地项目平台（内部代号）

详细描述：
1、UI菜单位置：
2、多语言翻译（支持多少种）：
3、详细描述（需要考虑默认焦点）：
4、异常情况处理：

UX/UE链接：",,"内容：
下线原因：
需要下线的机器/job：",2024/10/24 10:01,2024/10/24 10:01,C,,,,,2024/10/23 21:12,NONE,NONE,NONE,,,2024/10/24 10:01,,,一供,,,,,,,,,,,,NONE,NONE,,,NONE,NONE,"1、描述域名业务用途：例如：***业务
2、意向域名：***.xiaomi.srv
3、提供后端机器名或job名：
4、提供开发端口：
5、是否同时注册其他后缀域名：
6、其他特殊要求：
","1、机器名：

2、访问外网原因：",,,,,NONE,NONE,NONE,,NONE,,,,,商务合作,,普通变更,2024/10/24 10:01,,"1、域名：

2、下线原因：例如：业务不再使用","1、描述域名业务用途：例如：***平台 或 ***api接口域名
2、域名使用方或调用方：例如：金融app客户端 或 金服研发人员
3、意向域名：   例如：api.mifi.pt.xiaomi.com
4、服务环境： 【staging】或【线上】或【preview】
5、访问范围：【公网】或【内网】
6、后端服务job名或英文简称：例如：mifi-pt-api
7、后端服务地址： 例如：c3-miui-fi-app02.bj:9582, c3-miui-fi-app03.bj:9582
8、如需多条转发规则，请在此说明清楚：例如：/api/ 开头的请求转发至mifi-pt-api，其余请求转发至nginx机器本地/home/work/bin/mifi-api-web-static/webapp/
9、其他特殊要求： 例如：超时时间设置为3分钟；支持websocket连接等","1.意向域名
2.是否同时注册其他后缀域名（例如：.net/.cn等，如有，请列举后缀）
3.以哪个公司开发票（米科？米移？等等；财务原则：与业务的财务归属保持一致，详询财务总账组）
4.费用分摊到哪个部门（基本与业务需求方的部门保持一致，详询BIMI团队）
5.是否需要保密，如是的话，域名则以个人名义注册
6.是否需要备案，如是请联系运维部王熙茜（wangxiqian@xiaomi.com)抄送sa-sys@xiaomi.com
7.是否需要纳入公司运维部域名管理系统维护（非IT职能部门的域名必须纳入），如是，请在域名申请后，发送邮件至运维部系统组sa-sys@xiaomi.com
8.是否有核准的商标在，如果需要申请新的商标名称请联系知识产权部付明月（fumingyue@xiaomi.com)
9.其他特殊要求","【问题描述】:
【产生时间】:
【具体原因】:
【影响范围】:(描述影响的请求数，用户量)
【临时解决方案】:(根本解决方案较复杂，短期难以实现情况下的临时解决方法)
【临时解决时间】:
【根本解决方案】:
【最终解决时间】:
【关健日志】: （描述问题的日志或记录）",,,,Others,,,,null,,NONE,24RC12-E4U3,,2024/10/24 10:01,,NONE,,2024/10/24 00:00,可用性,,否,,"测试项目:
测试方法:
ROM:
apk版本:
apk链接:
测试模块:
测试机型:",,代码bug,,,,,"<数据类型1>	<保留时间>
<数据类型2>	<保留时间>
<数据类型3>	<保留时间>

如果没有，填写不适用",N/A,,,否,,"输出的第三方公司名称	
输出的理由	
输出的数据类型（请上传数据字典）	
是否签署合同（提供数据保护附录( DPA）模板两种供下载：委托处理和数据共享两类，上传与对方协商确认后的DPA条款）	
监控第三方公司的技术措施（请描述，如抓包、限制权限）	
提供输出第三方的合法性证明（请提交隐私政策中相关描述或弹窗、提示样例等附隐私政策描述或弹窗提示）	
传输方式（请填写传输方式，如接口传输，数据导出等）	
	接口传输（请备注传输协议，数据加密方式）
	数据导出（请备注使用人员姓名）","1. 是否存在传输回大陆地区
  <是/否/不适用>
2. 是否存在其他国家间跨境数据传输
  <是/否>","如果有填写
1. 调用数据所属部门：
   <所属部门>
2. 调用数据所属业务系统：
   <业务系统>
3. 调用的数据表	
    3.1   云平台-数据工厂	<如果有 调用表的地址>
    3.2  云平台-MySQL	<如果有 调用表的地址>
     3.3 其它	<调用表的地址 调用的数据字典>",,"如存在匿名收集，请展开如下项填写			
字段名	字段类型	      字段注释	用途	匿名方式
<字段1 >  <字段类型1> <字段注释1> <用途1>  <匿名方式，如小米统计匿名方式>
<字段2 >  <字段类型2> <字段注释2> <用途2>  <匿名方式，如小米统计匿名方式>  


注：匿名收集是指用任何方式无法对应到一个用户或者一台设备，比如加密时增加了随机参数				",如果有请描述使用的数据类型和使用方式：,否,无,误报,适配已完成,否,"1、重装原因说明：

2、目标机器：

3、目标操作系统版本：

4、可操作时间：例如：随时 或 线下沟通约定",,,2024/10/24 10:01,2024/10/24 10:01,2024/10/24 10:01,,,,,,,,,ADD2 Vdebug_29934 ,PT车辆,,,,,yutingting9,,,E4U3,,,,"机器名(job/IP)：
安装路径：/usr/local/bin/ (默认)
安装包名：
安装命令：",,"请描述经过用户同意的方式：
1. 是否使用统一隐私政策，文本请参考https://www.mi.com/about/privacy/
   <是/否>
2. 使用独立隐私政策
   <是/否>
   <如果是独立政策，在这里填写独立隐私政策的链接地址, 如http://zzz.mi.com/zzzz >
   <如果是独立政策，这里填写 请附弹窗或提示的文案及产品样式图 的访问链接>
3. 服务器是否记录用户点击同意
   <是/否>
4. 隐私政策是否提供所有销售国家语种的版本
    <是/否>
5. 隐私政策在APP或系统设置的法律条款中可查看
    <是/否>
    <交互截图链接，或者附件名称>
6. 是否收集敏感数据，在弹窗中明示说明收集SPII
    <是/否>
    <如果是 这里填写 弹窗的文案及样式>
7. 在收集、披露或以其他方式使用儿童（注各国标准不同）个人信息之前，是否从父母或其他对儿童负有法律责任人处获得同意？ 
    <是/否>",否,"• 是	
	接入小米账号统一提供接口，请在附件提供前端UI截图
	    App中存在撤回同意入口（Withdraw Consent）
	收到用户要求可后台支持撤回同意
• 否	
	无海外版
        未完成","1、sftp环境或域名或IP：如 staging环境sftp  或 stagingsftp.pay.mipay.com  或 58.83.177.88:2222

2、使用场景： 例如： 上传下载影像文件、授权书、调额结果等文件

3、使用方：例如：贷款超市合作方马上金融

4、账号名： 例如:  lm_mashang

5、目录及权限： 例如：
/mi
mifi-loan-lm，RW
sftp-admin, RW
lm_mashang，R

/partner
mifi-loan-lm，RW
sftp-admin, RW
lm_mashang，RW

6、合作机构出口IP（通过公网访问时需要）：

7、数据保存时间：例如：1个月","1、机型套餐参考 ：http://xbudget.pt.xiaomi.com/

2、详细说明机器申请理由：

3、服务器配置(内存，CPU，磁盘，操作系统)：

4、套餐类型:",MI1.0,NONE,是,E4U3,,N/A,NONE,,,"1、背景及原因

2、源IP、源端口、网络协议、目的IP、目的端口：",,,,,,,,,,,生态链公司,0.0,,,,,,,MS11-5-800V,,,"1、机器：

2、服务：例如lcs-agent

3、如非标准服务，请提供下载和安装步骤说明。",软件问题,,,N/A,NONE,,jira-miliao-project,,,,,"此处填写部署步骤：
【1】order模块部署（示例）
git：git@v9.git.n.xiaomi.com:mijia-server/order.git
branch：dev
st job：job.order_service.order_servicegroup.shop_cluster.staging
",国内版,,,,,,待定,概率性偶发,,,2024/10/24 10:01,,,,,,,,待定,,0.0,,待定,,NONE,NONE,NONE,,,2024/10/24 10:01,2024/10/24 10:01,,NONE,,,2024/10/24 10:01,,,,,"Verification Version:

Verification Result:",请研发同事添加高通\MTK case ID,"2024/10/24 18:35;zhongzhuo;!image-2024-10-24-18-35-01-249.png|width=336,height=241! 看起来是速度没降下来导致的，有空帮忙看下;;;"
【RPA泊出-武汉】冷启动泊出过程中顿挫2次，体感不佳,AD-307942,1508903,故障,初步分析,AD,自动驾驶 面向量产 问题,software,zhaohongyi,,,次要,,dongjianhao,p-xuhuiling,ad-inf-data,2024/10/23 15:08,2024/12/20 16:49,2024/12/23 17:58,,泊车,2024/11/06 00:00,0,RPA,RPA泊出,顿挫感明显,,"【测试车辆】: {color:#000000}adr::car:prod:MS11-5:LNBQJLWASEYRS3X95{color}
【Event Key】: {color:#000000}EVENT_KEY_TRIGGER_RPA_PARKING_EXCEPTION{color}
【Extension Key】: {color:#000000}RpaParkingOutException{color}
【车辆编号】: {color:#000000}PP062{color}
【测试时间】: {color:#000000}2024-10-23 11:05:55~2024-10-23 11:06:45{color}
【原始数据切片-原始MCAP】: {color:#0000ff}[Event查看链接|https://cloud.evad.mioffice.cn/data/production-manage/event-list?event_id=1678617264&server=TJV1]{color}
【问题数据回放-MivizStudio】: {color:#0000ff}[Miviz Studio 在线可视化|https://prod-event-manage.evad.xiaomi.com/openapi/api/prod_event_web/v1/jira/redirect_studio?event_id=1678617264]{color}
【问题数据回放-SimView】: {color:#0000ff}[SimView可视化|https://prod-event-manage.evad.xiaomi.com/openapi/api/prod_event_web/v1/jira/redirect_simview?event_id=1678617264]{color}
【问题数据回放-SimView2Mp4】: 
【版本信息】: {color:#000000}manifest_mipilot_mbf_1418_20241021_10_24_59.txt{color}
【场景标签】: 
【问题标签】: 
【根因标签】: 
【问题描述】: 
【日志链接】: {color:#0000ff}[日志文件|https://prod-event-manage.evad.xiaomi.com/openapi/api/prod_event_web/v1/event/download?event_id=1678617264&download_type=5]{color}
【Jenkins链接】: {color:#0000ff}[Jenkins链接|https://jenkins.evad.mioffice.cn/blue/organizations/jenkins/mipilot_mbf/detail/mipilot_mbf/1418/pipeline]{color}
【Event ID】: {color:#0000ff}[1678617264|https://cloud.evad.mioffice.cn/data/production-manage/event-list?event_id=1678617264&server=TJV1]{color}
【工作流】: {color:#0000ff}[查看工作流|https://cloud.evad.mioffice.cn/data/production-manage/event-list/workflow-detail?event_id=1678617264&server=TJV1]{color}
【车辆位置】: 
【城市】: 
【车辆状态】: 
【auto_tags标签】: 
【感知数据融合】: 
【AEB感知AutoTriage结果】: 
【AutoTriageMetrics下载链接】:

测试人员：{*}唐小松{*}

测试数据表：[‍⁠​‬‬​⁠‍‍​​‍⁠‬​‍‍​‬⁠​​‌⁠​‌‍‍​⁠‍‌​​⁠‬‬​‬​​​​‌​|https://xiaomi.f.mioffice.cn/sheets/shtk4fi2iDQuW6h1CoyGPIwA25d?sheet=P1ZG43] [‍⁠​‬‬​⁠‍‍​​‍⁠‬​‍‍​‬⁠​​‌⁠​‌‍‍​⁠‍‌​​⁠‬‬​‬​​​​‌​​‍RPA_RC12发版性能泛化测试记录表_高配 - 飞书云文档 (mioffice.cn)|https://xiaomi.f.mioffice.cn/sheets/shtk4fi2iDQuW6h1CoyGPIwA25d?sheet=0ZgSRa] [)|https://xiaomi.f.mioffice.cn/sheets/shtk4fi2iDQuW6h1CoyGPIwA25d?sheet=P1ZG43]

SR：{*}release-1.7.42.6-RC12R1-sr_dcd_236{*}

DCD：{*}S000001018FFF{*}

手机型号：{*}小米14Pro{*}

APP版本：{*}2024/9/12 22:00:00{*}

数据
11:07:02
2024-10-23_11-05-28
video_6
video_6.1",,ad-inf-data,,,,,,,,,,,,,,,,,2031/01/01 00:00,2024/10/23 15:08,2024/10/23 15:08,,BSP,,,,,,,To Do,,,,,,,"1、域名：
2、匹配规则：例如： /api/开头的请求
3、新增 或 删除规则：例如：新增
4、后端服务job名或英文简称：例如：mifi-pt-api
5、后端服务地址： 例如：c3-miui-fi-app02.bj:9582, c3-miui-fi-app03.bj:9582",,,,,,,,,,,泊车其他,,,,,,"0|i73azk:",,,,,,Hive,,,Empty(默认值),,,,,,,未分类,,,研发测试 Development Test,2024/10/23 15:08,MS11-5,,2024/10/23 15:08,,,MS11-5+ADD V22.0.0-Release+stable.20241021,K65_CN,"1、访问域名或url：例如：staging.mifi.pt.xiaomi.com

2、访问方：例如：贷款超市合作方马上金融测试环境

3、源IP：","需求背景：
1、背景描述（或当前存在问题）：
2、落地项目平台（内部代号）

详细描述：
1、UI菜单位置：
2、多语言翻译（支持多少种）：
3、详细描述（需要考虑默认焦点）：
4、异常情况处理：

UX/UE链接：",,"内容：
下线原因：
需要下线的机器/job：",2024/10/23 15:08,2024/10/23 15:08,C,,,,,2024/10/23 11:06,NONE,NONE,NONE,,,2024/10/23 15:08,,,一供,,,,,,,,,,,,NONE,NONE,,,NONE,NONE,"1、描述域名业务用途：例如：***业务
2、意向域名：***.xiaomi.srv
3、提供后端机器名或job名：
4、提供开发端口：
5、是否同时注册其他后缀域名：
6、其他特殊要求：
","1、机器名：

2、访问外网原因：",,,,,NONE,NONE,NONE,,NONE,,,,,商务合作,,普通变更,2024/10/23 15:08,,"1、域名：

2、下线原因：例如：业务不再使用","1、描述域名业务用途：例如：***平台 或 ***api接口域名
2、域名使用方或调用方：例如：金融app客户端 或 金服研发人员
3、意向域名：   例如：api.mifi.pt.xiaomi.com
4、服务环境： 【staging】或【线上】或【preview】
5、访问范围：【公网】或【内网】
6、后端服务job名或英文简称：例如：mifi-pt-api
7、后端服务地址： 例如：c3-miui-fi-app02.bj:9582, c3-miui-fi-app03.bj:9582
8、如需多条转发规则，请在此说明清楚：例如：/api/ 开头的请求转发至mifi-pt-api，其余请求转发至nginx机器本地/home/work/bin/mifi-api-web-static/webapp/
9、其他特殊要求： 例如：超时时间设置为3分钟；支持websocket连接等","1.意向域名
2.是否同时注册其他后缀域名（例如：.net/.cn等，如有，请列举后缀）
3.以哪个公司开发票（米科？米移？等等；财务原则：与业务的财务归属保持一致，详询财务总账组）
4.费用分摊到哪个部门（基本与业务需求方的部门保持一致，详询BIMI团队）
5.是否需要保密，如是的话，域名则以个人名义注册
6.是否需要备案，如是请联系运维部王熙茜（wangxiqian@xiaomi.com)抄送sa-sys@xiaomi.com
7.是否需要纳入公司运维部域名管理系统维护（非IT职能部门的域名必须纳入），如是，请在域名申请后，发送邮件至运维部系统组sa-sys@xiaomi.com
8.是否有核准的商标在，如果需要申请新的商标名称请联系知识产权部付明月（fumingyue@xiaomi.com)
9.其他特殊要求","【问题描述】:
【产生时间】:
【具体原因】:
【影响范围】:(描述影响的请求数，用户量)
【临时解决方案】:(根本解决方案较复杂，短期难以实现情况下的临时解决方法)
【临时解决时间】:
【根本解决方案】:
【最终解决时间】:
【关健日志】: （描述问题的日志或记录）",,,,Others,,,,null,,NONE,24RC12-E4U3,,2024/10/23 15:08,,NONE,,2024/10/23 00:00,可用性,,否,,"测试项目:
测试方法:
ROM:
apk版本:
apk链接:
测试模块:
测试机型:",,代码bug,,,,,"<数据类型1>	<保留时间>
<数据类型2>	<保留时间>
<数据类型3>	<保留时间>

如果没有，填写不适用",N/A,,,否,,"输出的第三方公司名称	
输出的理由	
输出的数据类型（请上传数据字典）	
是否签署合同（提供数据保护附录( DPA）模板两种供下载：委托处理和数据共享两类，上传与对方协商确认后的DPA条款）	
监控第三方公司的技术措施（请描述，如抓包、限制权限）	
提供输出第三方的合法性证明（请提交隐私政策中相关描述或弹窗、提示样例等附隐私政策描述或弹窗提示）	
传输方式（请填写传输方式，如接口传输，数据导出等）	
	接口传输（请备注传输协议，数据加密方式）
	数据导出（请备注使用人员姓名）","1. 是否存在传输回大陆地区
  <是/否/不适用>
2. 是否存在其他国家间跨境数据传输
  <是/否>","如果有填写
1. 调用数据所属部门：
   <所属部门>
2. 调用数据所属业务系统：
   <业务系统>
3. 调用的数据表	
    3.1   云平台-数据工厂	<如果有 调用表的地址>
    3.2  云平台-MySQL	<如果有 调用表的地址>
     3.3 其它	<调用表的地址 调用的数据字典>",,"如存在匿名收集，请展开如下项填写			
字段名	字段类型	      字段注释	用途	匿名方式
<字段1 >  <字段类型1> <字段注释1> <用途1>  <匿名方式，如小米统计匿名方式>
<字段2 >  <字段类型2> <字段注释2> <用途2>  <匿名方式，如小米统计匿名方式>  


注：匿名收集是指用任何方式无法对应到一个用户或者一台设备，比如加密时增加了随机参数				",如果有请描述使用的数据类型和使用方式：,否,无,误报,适配已完成,否,"1、重装原因说明：

2、目标机器：

3、目标操作系统版本：

4、可操作时间：例如：随时 或 线下沟通约定",,,2024/10/23 15:08,2024/10/23 15:08,2024/10/23 15:08,,,,,,,,,ADD V22.0.0,PT车辆,,,,,yutingting9,,,E4U3,,,,"机器名(job/IP)：
安装路径：/usr/local/bin/ (默认)
安装包名：
安装命令：",,"请描述经过用户同意的方式：
1. 是否使用统一隐私政策，文本请参考https://www.mi.com/about/privacy/
   <是/否>
2. 使用独立隐私政策
   <是/否>
   <如果是独立政策，在这里填写独立隐私政策的链接地址, 如http://zzz.mi.com/zzzz >
   <如果是独立政策，这里填写 请附弹窗或提示的文案及产品样式图 的访问链接>
3. 服务器是否记录用户点击同意
   <是/否>
4. 隐私政策是否提供所有销售国家语种的版本
    <是/否>
5. 隐私政策在APP或系统设置的法律条款中可查看
    <是/否>
    <交互截图链接，或者附件名称>
6. 是否收集敏感数据，在弹窗中明示说明收集SPII
    <是/否>
    <如果是 这里填写 弹窗的文案及样式>
7. 在收集、披露或以其他方式使用儿童（注各国标准不同）个人信息之前，是否从父母或其他对儿童负有法律责任人处获得同意？ 
    <是/否>",否,"• 是	
	接入小米账号统一提供接口，请在附件提供前端UI截图
	    App中存在撤回同意入口（Withdraw Consent）
	收到用户要求可后台支持撤回同意
• 否	
	无海外版
        未完成","1、sftp环境或域名或IP：如 staging环境sftp  或 stagingsftp.pay.mipay.com  或 58.83.177.88:2222

2、使用场景： 例如： 上传下载影像文件、授权书、调额结果等文件

3、使用方：例如：贷款超市合作方马上金融

4、账号名： 例如:  lm_mashang

5、目录及权限： 例如：
/mi
mifi-loan-lm，RW
sftp-admin, RW
lm_mashang，R

/partner
mifi-loan-lm，RW
sftp-admin, RW
lm_mashang，RW

6、合作机构出口IP（通过公网访问时需要）：

7、数据保存时间：例如：1个月","1、机型套餐参考 ：http://xbudget.pt.xiaomi.com/

2、详细说明机器申请理由：

3、服务器配置(内存，CPU，磁盘，操作系统)：

4、套餐类型:",MI1.0,NONE,是,E4U3,,N/A,NONE,,,"1、背景及原因

2、源IP、源端口、网络协议、目的IP、目的端口：",,,,,,,,,,,生态链公司,0.0,,,,,,,MS11-5-800V,,,"1、机器：

2、服务：例如lcs-agent

3、如非标准服务，请提供下载和安装步骤说明。",软件问题,,,N/A,NONE,,jira-miliao-project,,,,,"此处填写部署步骤：
【1】order模块部署（示例）
git：git@v9.git.n.xiaomi.com:mijia-server/order.git
branch：dev
st job：job.order_service.order_servicegroup.shop_cluster.staging
",国内版,,,,,,待定,概率性偶发,,,2024/10/23 15:08,,,,,,,,待定,,0.0,,待定,,NONE,NONE,NONE,,,2024/10/23 15:08,2024/10/23 15:08,,NONE,,,2024/10/23 15:08,,,,,"Verification Version:

Verification Result:",请研发同事添加高通\MTK case ID,
【RPA泊出-武汉】冷启动泊出过程中顿挫2次，体感不佳,AD-304990,1501325,故障,初步分析,AD,自动驾驶 面向量产 问题,software,zhaohongyi,,,次要,,dongjianhao,p-xuhuiling,ad-inf-data,2024/10/22 16:41,2024/12/20 16:49,2024/12/23 17:58,,泊车,2024/11/05 00:00,0,RPA,RPA泊出,顿挫感明显,,"【测试车辆】: {color:#000000}adr::car:prod:MS11-5:LNBQJLWASEYRS3X95{color}
【Event Key】: {color:#000000}EVENT_KEY_TRIGGER_RPA_PARKING_EXCEPTION{color}
【Extension Key】: {color:#000000}RpaParkingOutException{color}
【车辆编号】: {color:#000000}PP062{color}
【测试时间】: {color:#000000}2024-10-22 15:06:58~2024-10-22 15:07:42{color}
【原始数据切片-原始MCAP】: {color:#0000ff}[Event查看链接|https://cloud.evad.mioffice.cn/data/production-manage/event-list?event_id=1671091693&server=TJV1]{color}
【问题数据回放-MivizStudio】: {color:#0000ff}[Miviz Studio 在线可视化|https://prod-event-manage.evad.xiaomi.com/openapi/api/prod_event_web/v1/jira/redirect_studio?event_id=1671091693]{color}
【问题数据回放-SimView】: {color:#0000ff}[SimView可视化|https://prod-event-manage.evad.xiaomi.com/openapi/api/prod_event_web/v1/jira/redirect_simview?event_id=1671091693]{color}
【问题数据回放-SimView2Mp4】: 
【版本信息】: {color:#000000}manifest_mipilot_mbf_1418_20241021_10_24_59.txt{color}
【场景标签】: 
【问题标签】: 
【根因标签】: 
【问题描述】: 
【日志链接】: {color:#0000ff}[日志文件|https://prod-event-manage.evad.xiaomi.com/openapi/api/prod_event_web/v1/event/download?event_id=1671091693&download_type=5]{color}
【Jenkins链接】: {color:#0000ff}[Jenkins链接|https://jenkins.evad.mioffice.cn/blue/organizations/jenkins/mipilot_mbf/detail/mipilot_mbf/1418/pipeline]{color}
【Event ID】: {color:#0000ff}[1671091693|https://cloud.evad.mioffice.cn/data/production-manage/event-list?event_id=1671091693&server=TJV1]{color}
【工作流】: {color:#0000ff}[查看工作流|https://cloud.evad.mioffice.cn/data/production-manage/event-list/workflow-detail?event_id=1671091693&server=TJV1]{color}
【车辆位置】: 
【城市】: 
【车辆状态】: 
【auto_tags标签】: 
【感知数据融合】: 
【AEB感知AutoTriage结果】: 
【AutoTriageMetrics下载链接】:

测试人员：{*}唐小松{*}

测试数据表：[‍⁠​‬‬​⁠‍‍​​‍⁠‬​‍‍​‬⁠​​‌⁠​‌‍‍​⁠‍‌​​⁠‬‬​‬​​​​‌​​‍RPA_RC12发版性能泛化测试记录表_高配 - 飞书云文档 (mioffice.cn)|https://xiaomi.f.mioffice.cn/sheets/shtk4fi2iDQuW6h1CoyGPIwA25d?sheet=P1ZG43]

SR：{*}release-1.7.42.6-RC12R1-sr_dcd_236{*}

DCD：{*}S000001018FFF{*}

手机型号：{*}小米14Pro{*}

APP版本：{*}2024/9/12 22:00:00{*}

数据
15:07:56
2024-10-22_15-07-23
video_28
video_28.1
截图 !image-2024-10-22-16-42-33-039.png!",,ad-inf-data,,,,,,,,,,,,"2024/10/22 16:42;p-xuhuiling;image-2024-10-22-16-42-33-039.png;https://viim.ev.mi.com/secure/attachment/1990716/image-2024-10-22-16-42-33-039.png",,,,,2031/01/01 00:00,2024/10/22 16:41,2024/10/22 16:41,,BSP,,,,,,,To Do,,,,,,,"1、域名：
2、匹配规则：例如： /api/开头的请求
3、新增 或 删除规则：例如：新增
4、后端服务job名或英文简称：例如：mifi-pt-api
5、后端服务地址： 例如：c3-miui-fi-app02.bj:9582, c3-miui-fi-app03.bj:9582",,,,,,,,,,,泊车其他,,,,,,"0|i72034:",,,,,,Hive,,,Empty(默认值),,,,,,,未分类,,,研发测试 Development Test,2024/10/22 16:41,MS11-5,,2024/10/22 16:41,,,MS11-5+ADD V22.0.0-Release+stable.20241021,K65_CN,"1、访问域名或url：例如：staging.mifi.pt.xiaomi.com

2、访问方：例如：贷款超市合作方马上金融测试环境

3、源IP：","需求背景：
1、背景描述（或当前存在问题）：
2、落地项目平台（内部代号）

详细描述：
1、UI菜单位置：
2、多语言翻译（支持多少种）：
3、详细描述（需要考虑默认焦点）：
4、异常情况处理：

UX/UE链接：",,"内容：
下线原因：
需要下线的机器/job：",2024/10/22 16:41,2024/10/22 16:41,C,,,,,2024/10/22 15:07,NONE,NONE,NONE,,,2024/10/22 16:41,,,一供,,,,,,,,,,,,NONE,NONE,,,NONE,NONE,"1、描述域名业务用途：例如：***业务
2、意向域名：***.xiaomi.srv
3、提供后端机器名或job名：
4、提供开发端口：
5、是否同时注册其他后缀域名：
6、其他特殊要求：
","1、机器名：

2、访问外网原因：",,,,,NONE,NONE,NONE,,NONE,,,,,商务合作,,普通变更,2024/10/22 16:41,,"1、域名：

2、下线原因：例如：业务不再使用","1、描述域名业务用途：例如：***平台 或 ***api接口域名
2、域名使用方或调用方：例如：金融app客户端 或 金服研发人员
3、意向域名：   例如：api.mifi.pt.xiaomi.com
4、服务环境： 【staging】或【线上】或【preview】
5、访问范围：【公网】或【内网】
6、后端服务job名或英文简称：例如：mifi-pt-api
7、后端服务地址： 例如：c3-miui-fi-app02.bj:9582, c3-miui-fi-app03.bj:9582
8、如需多条转发规则，请在此说明清楚：例如：/api/ 开头的请求转发至mifi-pt-api，其余请求转发至nginx机器本地/home/work/bin/mifi-api-web-static/webapp/
9、其他特殊要求： 例如：超时时间设置为3分钟；支持websocket连接等","1.意向域名
2.是否同时注册其他后缀域名（例如：.net/.cn等，如有，请列举后缀）
3.以哪个公司开发票（米科？米移？等等；财务原则：与业务的财务归属保持一致，详询财务总账组）
4.费用分摊到哪个部门（基本与业务需求方的部门保持一致，详询BIMI团队）
5.是否需要保密，如是的话，域名则以个人名义注册
6.是否需要备案，如是请联系运维部王熙茜（wangxiqian@xiaomi.com)抄送sa-sys@xiaomi.com
7.是否需要纳入公司运维部域名管理系统维护（非IT职能部门的域名必须纳入），如是，请在域名申请后，发送邮件至运维部系统组sa-sys@xiaomi.com
8.是否有核准的商标在，如果需要申请新的商标名称请联系知识产权部付明月（fumingyue@xiaomi.com)
9.其他特殊要求","【问题描述】:
【产生时间】:
【具体原因】:
【影响范围】:(描述影响的请求数，用户量)
【临时解决方案】:(根本解决方案较复杂，短期难以实现情况下的临时解决方法)
【临时解决时间】:
【根本解决方案】:
【最终解决时间】:
【关健日志】: （描述问题的日志或记录）",,,,Others,,,,null,,NONE,24RC12-E4U3,,2024/10/22 16:41,,NONE,,2024/10/22 00:00,可用性,,否,,"测试项目:
测试方法:
ROM:
apk版本:
apk链接:
测试模块:
测试机型:",,代码bug,,,,,"<数据类型1>	<保留时间>
<数据类型2>	<保留时间>
<数据类型3>	<保留时间>

如果没有，填写不适用",N/A,,,否,,"输出的第三方公司名称	
输出的理由	
输出的数据类型（请上传数据字典）	
是否签署合同（提供数据保护附录( DPA）模板两种供下载：委托处理和数据共享两类，上传与对方协商确认后的DPA条款）	
监控第三方公司的技术措施（请描述，如抓包、限制权限）	
提供输出第三方的合法性证明（请提交隐私政策中相关描述或弹窗、提示样例等附隐私政策描述或弹窗提示）	
传输方式（请填写传输方式，如接口传输，数据导出等）	
	接口传输（请备注传输协议，数据加密方式）
	数据导出（请备注使用人员姓名）","1. 是否存在传输回大陆地区
  <是/否/不适用>
2. 是否存在其他国家间跨境数据传输
  <是/否>","如果有填写
1. 调用数据所属部门：
   <所属部门>
2. 调用数据所属业务系统：
   <业务系统>
3. 调用的数据表	
    3.1   云平台-数据工厂	<如果有 调用表的地址>
    3.2  云平台-MySQL	<如果有 调用表的地址>
     3.3 其它	<调用表的地址 调用的数据字典>",,"如存在匿名收集，请展开如下项填写			
字段名	字段类型	      字段注释	用途	匿名方式
<字段1 >  <字段类型1> <字段注释1> <用途1>  <匿名方式，如小米统计匿名方式>
<字段2 >  <字段类型2> <字段注释2> <用途2>  <匿名方式，如小米统计匿名方式>  


注：匿名收集是指用任何方式无法对应到一个用户或者一台设备，比如加密时增加了随机参数				",如果有请描述使用的数据类型和使用方式：,否,无,误报,适配已完成,否,"1、重装原因说明：

2、目标机器：

3、目标操作系统版本：

4、可操作时间：例如：随时 或 线下沟通约定",,,2024/10/22 16:41,2024/10/22 16:41,2024/10/22 16:41,,,,,,,,,ADD V22.0.0,PT车辆,,,,,yutingting9,,,E4U3,,,,"机器名(job/IP)：
安装路径：/usr/local/bin/ (默认)
安装包名：
安装命令：",,"请描述经过用户同意的方式：
1. 是否使用统一隐私政策，文本请参考https://www.mi.com/about/privacy/
   <是/否>
2. 使用独立隐私政策
   <是/否>
   <如果是独立政策，在这里填写独立隐私政策的链接地址, 如http://zzz.mi.com/zzzz >
   <如果是独立政策，这里填写 请附弹窗或提示的文案及产品样式图 的访问链接>
3. 服务器是否记录用户点击同意
   <是/否>
4. 隐私政策是否提供所有销售国家语种的版本
    <是/否>
5. 隐私政策在APP或系统设置的法律条款中可查看
    <是/否>
    <交互截图链接，或者附件名称>
6. 是否收集敏感数据，在弹窗中明示说明收集SPII
    <是/否>
    <如果是 这里填写 弹窗的文案及样式>
7. 在收集、披露或以其他方式使用儿童（注各国标准不同）个人信息之前，是否从父母或其他对儿童负有法律责任人处获得同意？ 
    <是/否>",否,"• 是	
	接入小米账号统一提供接口，请在附件提供前端UI截图
	    App中存在撤回同意入口（Withdraw Consent）
	收到用户要求可后台支持撤回同意
• 否	
	无海外版
        未完成","1、sftp环境或域名或IP：如 staging环境sftp  或 stagingsftp.pay.mipay.com  或 58.83.177.88:2222

2、使用场景： 例如： 上传下载影像文件、授权书、调额结果等文件

3、使用方：例如：贷款超市合作方马上金融

4、账号名： 例如:  lm_mashang

5、目录及权限： 例如：
/mi
mifi-loan-lm，RW
sftp-admin, RW
lm_mashang，R

/partner
mifi-loan-lm，RW
sftp-admin, RW
lm_mashang，RW

6、合作机构出口IP（通过公网访问时需要）：

7、数据保存时间：例如：1个月","1、机型套餐参考 ：http://xbudget.pt.xiaomi.com/

2、详细说明机器申请理由：

3、服务器配置(内存，CPU，磁盘，操作系统)：

4、套餐类型:",MI1.0,NONE,是,E4U3,,N/A,NONE,,,"1、背景及原因

2、源IP、源端口、网络协议、目的IP、目的端口：",,,,,,,,,,,生态链公司,0.0,,,,,,,MS11-5-800V,,,"1、机器：

2、服务：例如lcs-agent

3、如非标准服务，请提供下载和安装步骤说明。",软件问题,,,N/A,NONE,,jira-miliao-project,,,,,"此处填写部署步骤：
【1】order模块部署（示例）
git：git@v9.git.n.xiaomi.com:mijia-server/order.git
branch：dev
st job：job.order_service.order_servicegroup.shop_cluster.staging
",国内版,,,,,,待定,概率性偶发,,,2024/10/22 16:41,,,,,,,,待定,,0.0,,待定,,NONE,NONE,NONE,,,2024/10/22 16:41,2024/10/22 16:41,,NONE,,,2024/10/22 16:41,,,,,"Verification Version:

Verification Result:",请研发同事添加高通\MTK case ID,
【RPA泊出-武汉】冷启动泊出，泊出过程中急刹一次,AD-304988,1501268,故障,初步分析,AD,自动驾驶 面向量产 问题,software,zhaohongyi,,,重要,,dongjianhao,p-xuhuiling,p-xuhuiling,2024/10/22 16:40,2024/10/22 16:40,2024/12/23 17:58,,泊车,2024/11/05 00:00,0,RPA,RPA泊出,中途急刹,,"【测试车辆】: {color:#000000}adr::car:prod:MS11-5:LNBQJLWASEYRS3X95{color}
【Event Key】: {color:#000000}EVENT_KEY_TRIGGER_RPA_PARKING_EXCEPTION{color}
【Extension Key】: {color:#000000}RpaParkingOutException{color}
【车辆编号】: {color:#000000}PP062{color}
【测试时间】: {color:#000000}2024-10-22 15:53:22~2024-10-22 15:55:08{color}
【原始数据切片-原始MCAP】: {color:#0000ff}[Event查看链接|https://cloud.evad.mioffice.cn/data/production-manage/event-list?event_id=1671279902&server=TJV1]{color}
【问题数据回放-MivizStudio】: {color:#0000ff}[Miviz Studio 在线可视化|https://prod-event-manage.evad.xiaomi.com/openapi/api/prod_event_web/v1/jira/redirect_studio?event_id=1671279902]{color}
【问题数据回放-SimView】: {color:#0000ff}[SimView可视化|https://prod-event-manage.evad.xiaomi.com/openapi/api/prod_event_web/v1/jira/redirect_simview?event_id=1671279902]{color}
【问题数据回放-SimView2Mp4】: 
【版本信息】: {color:#000000}manifest_mipilot_mbf_1418_20241021_10_24_59.txt{color}
【场景标签】: 
【问题标签】: 
【根因标签】: 
【问题描述】: 
【日志链接】: {color:#0000ff}[日志文件|https://prod-event-manage.evad.xiaomi.com/openapi/api/prod_event_web/v1/event/download?event_id=1671279902&download_type=5]{color}
【Jenkins链接】: {color:#0000ff}[Jenkins链接|https://jenkins.evad.mioffice.cn/blue/organizations/jenkins/mipilot_mbf/detail/mipilot_mbf/1418/pipeline]{color}
【Event ID】: {color:#0000ff}[1671279902|https://cloud.evad.mioffice.cn/data/production-manage/event-list?event_id=1671279902&server=TJV1]{color}
【工作流】: {color:#0000ff}[查看工作流|https://cloud.evad.mioffice.cn/data/production-manage/event-list/workflow-detail?event_id=1671279902&server=TJV1]{color}
【车辆位置】: 
【城市】: 
【车辆状态】: 
【auto_tags标签】: 
【感知数据融合】: 
【AEB感知AutoTriage结果】: 
【AutoTriageMetrics下载链接】:

测试人员：{*}唐小松{*}

测试数据表：[‍⁠​‬‬​⁠‍‍​​‍⁠‬​‍‍​‬⁠​​‌⁠​‌‍‍​⁠‍‌​​⁠‬‬​‬​​​​‌​​‍RPA_RC12发版性能泛化测试记录表_高配 - 飞书云文档 (mioffice.cn)|https://xiaomi.f.mioffice.cn/sheets/shtk4fi2iDQuW6h1CoyGPIwA25d?sheet=P1ZG43]

SR：{*}release-1.7.42.6-RC12R1-sr_dcd_236{*}

DCD：{*}S000001018FFF{*}

手机型号：{*}小米14Pro{*}

APP版本：{*}2024/9/12 22:00:00{*}

数据
拨杆/按键：15:55:41
2024-10-22_15-53-11
video_34
video_34.1
截图 !image-2024-10-22-16-40-30-053.png!",,p-xuhuiling,,,,,,,,,,,AD-304982,"2024/10/22 16:40;p-xuhuiling;image-2024-10-22-16-40-30-053.png;https://viim.ev.mi.com/secure/attachment/1990595/image-2024-10-22-16-40-30-053.png",,,,,2031/01/01 00:00,2024/10/22 16:38,2024/10/22 16:38,,BSP,,,,,,,To Do,,,,,,,"1、域名：
2、匹配规则：例如： /api/开头的请求
3、新增 或 删除规则：例如：新增
4、后端服务job名或英文简称：例如：mifi-pt-api
5、后端服务地址： 例如：c3-miui-fi-app02.bj:9582, c3-miui-fi-app03.bj:9582",,,,,,,,,,,泊车其他,,,,,,"0|i7200o:",,,,,,Hive,,,Empty(默认值),,,,,,,未分类,,,研发测试 Development Test,2024/10/22 16:38,MS11-5,,2024/10/22 16:38,,,MS11-5+ADD V22.0.0-Release+stable.20241021,K65_CN,"1、访问域名或url：例如：staging.mifi.pt.xiaomi.com

2、访问方：例如：贷款超市合作方马上金融测试环境

3、源IP：","需求背景：
1、背景描述（或当前存在问题）：
2、落地项目平台（内部代号）

详细描述：
1、UI菜单位置：
2、多语言翻译（支持多少种）：
3、详细描述（需要考虑默认焦点）：
4、异常情况处理：

UX/UE链接：",,"内容：
下线原因：
需要下线的机器/job：",2024/10/22 16:38,2024/10/22 16:38,B,,,,,2024/10/22 15:53,NONE,NONE,NONE,,,2024/10/22 16:38,,,一供,,,,,,,,,,,,NONE,NONE,,,NONE,NONE,"1、描述域名业务用途：例如：***业务
2、意向域名：***.xiaomi.srv
3、提供后端机器名或job名：
4、提供开发端口：
5、是否同时注册其他后缀域名：
6、其他特殊要求：
","1、机器名：

2、访问外网原因：",,,,,NONE,NONE,NONE,,NONE,,,,,商务合作,,普通变更,2024/10/22 16:38,,"1、域名：

2、下线原因：例如：业务不再使用","1、描述域名业务用途：例如：***平台 或 ***api接口域名
2、域名使用方或调用方：例如：金融app客户端 或 金服研发人员
3、意向域名：   例如：api.mifi.pt.xiaomi.com
4、服务环境： 【staging】或【线上】或【preview】
5、访问范围：【公网】或【内网】
6、后端服务job名或英文简称：例如：mifi-pt-api
7、后端服务地址： 例如：c3-miui-fi-app02.bj:9582, c3-miui-fi-app03.bj:9582
8、如需多条转发规则，请在此说明清楚：例如：/api/ 开头的请求转发至mifi-pt-api，其余请求转发至nginx机器本地/home/work/bin/mifi-api-web-static/webapp/
9、其他特殊要求： 例如：超时时间设置为3分钟；支持websocket连接等","1.意向域名
2.是否同时注册其他后缀域名（例如：.net/.cn等，如有，请列举后缀）
3.以哪个公司开发票（米科？米移？等等；财务原则：与业务的财务归属保持一致，详询财务总账组）
4.费用分摊到哪个部门（基本与业务需求方的部门保持一致，详询BIMI团队）
5.是否需要保密，如是的话，域名则以个人名义注册
6.是否需要备案，如是请联系运维部王熙茜（wangxiqian@xiaomi.com)抄送sa-sys@xiaomi.com
7.是否需要纳入公司运维部域名管理系统维护（非IT职能部门的域名必须纳入），如是，请在域名申请后，发送邮件至运维部系统组sa-sys@xiaomi.com
8.是否有核准的商标在，如果需要申请新的商标名称请联系知识产权部付明月（fumingyue@xiaomi.com)
9.其他特殊要求","【问题描述】:
【产生时间】:
【具体原因】:
【影响范围】:(描述影响的请求数，用户量)
【临时解决方案】:(根本解决方案较复杂，短期难以实现情况下的临时解决方法)
【临时解决时间】:
【根本解决方案】:
【最终解决时间】:
【关健日志】: （描述问题的日志或记录）",,,,Others,,,,null,,NONE,24RC12-E4U3,,2024/10/22 16:38,,NONE,,2024/10/22 00:00,可用性,,否,,"测试项目:
测试方法:
ROM:
apk版本:
apk链接:
测试模块:
测试机型:",,代码bug,,,,,"<数据类型1>	<保留时间>
<数据类型2>	<保留时间>
<数据类型3>	<保留时间>

如果没有，填写不适用",N/A,,,否,,"输出的第三方公司名称	
输出的理由	
输出的数据类型（请上传数据字典）	
是否签署合同（提供数据保护附录( DPA）模板两种供下载：委托处理和数据共享两类，上传与对方协商确认后的DPA条款）	
监控第三方公司的技术措施（请描述，如抓包、限制权限）	
提供输出第三方的合法性证明（请提交隐私政策中相关描述或弹窗、提示样例等附隐私政策描述或弹窗提示）	
传输方式（请填写传输方式，如接口传输，数据导出等）	
	接口传输（请备注传输协议，数据加密方式）
	数据导出（请备注使用人员姓名）","1. 是否存在传输回大陆地区
  <是/否/不适用>
2. 是否存在其他国家间跨境数据传输
  <是/否>","如果有填写
1. 调用数据所属部门：
   <所属部门>
2. 调用数据所属业务系统：
   <业务系统>
3. 调用的数据表	
    3.1   云平台-数据工厂	<如果有 调用表的地址>
    3.2  云平台-MySQL	<如果有 调用表的地址>
     3.3 其它	<调用表的地址 调用的数据字典>",,"如存在匿名收集，请展开如下项填写			
字段名	字段类型	      字段注释	用途	匿名方式
<字段1 >  <字段类型1> <字段注释1> <用途1>  <匿名方式，如小米统计匿名方式>
<字段2 >  <字段类型2> <字段注释2> <用途2>  <匿名方式，如小米统计匿名方式>  


注：匿名收集是指用任何方式无法对应到一个用户或者一台设备，比如加密时增加了随机参数				",如果有请描述使用的数据类型和使用方式：,否,无,误报,适配已完成,否,"1、重装原因说明：

2、目标机器：

3、目标操作系统版本：

4、可操作时间：例如：随时 或 线下沟通约定",,,2024/10/22 16:38,2024/10/22 16:38,2024/10/22 16:38,,,,,,,,,ADD V22.0.0,PT车辆,,,,,jiangfuwei,,,E4U3,,,,"机器名(job/IP)：
安装路径：/usr/local/bin/ (默认)
安装包名：
安装命令：",,"请描述经过用户同意的方式：
1. 是否使用统一隐私政策，文本请参考https://www.mi.com/about/privacy/
   <是/否>
2. 使用独立隐私政策
   <是/否>
   <如果是独立政策，在这里填写独立隐私政策的链接地址, 如http://zzz.mi.com/zzzz >
   <如果是独立政策，这里填写 请附弹窗或提示的文案及产品样式图 的访问链接>
3. 服务器是否记录用户点击同意
   <是/否>
4. 隐私政策是否提供所有销售国家语种的版本
    <是/否>
5. 隐私政策在APP或系统设置的法律条款中可查看
    <是/否>
    <交互截图链接，或者附件名称>
6. 是否收集敏感数据，在弹窗中明示说明收集SPII
    <是/否>
    <如果是 这里填写 弹窗的文案及样式>
7. 在收集、披露或以其他方式使用儿童（注各国标准不同）个人信息之前，是否从父母或其他对儿童负有法律责任人处获得同意？ 
    <是/否>",否,"• 是	
	接入小米账号统一提供接口，请在附件提供前端UI截图
	    App中存在撤回同意入口（Withdraw Consent）
	收到用户要求可后台支持撤回同意
• 否	
	无海外版
        未完成","1、sftp环境或域名或IP：如 staging环境sftp  或 stagingsftp.pay.mipay.com  或 58.83.177.88:2222

2、使用场景： 例如： 上传下载影像文件、授权书、调额结果等文件

3、使用方：例如：贷款超市合作方马上金融

4、账号名： 例如:  lm_mashang

5、目录及权限： 例如：
/mi
mifi-loan-lm，RW
sftp-admin, RW
lm_mashang，R

/partner
mifi-loan-lm，RW
sftp-admin, RW
lm_mashang，RW

6、合作机构出口IP（通过公网访问时需要）：

7、数据保存时间：例如：1个月","1、机型套餐参考 ：http://xbudget.pt.xiaomi.com/

2、详细说明机器申请理由：

3、服务器配置(内存，CPU，磁盘，操作系统)：

4、套餐类型:",MI1.0,NONE,是,E4U3,,N/A,NONE,,,"1、背景及原因

2、源IP、源端口、网络协议、目的IP、目的端口：",,,,,,,,,,,生态链公司,0.0,,,,,,,MS11-5-800V,,,"1、机器：

2、服务：例如lcs-agent

3、如非标准服务，请提供下载和安装步骤说明。",软件问题,,,N/A,NONE,,jira-miliao-project,,,,,"此处填写部署步骤：
【1】order模块部署（示例）
git：git@v9.git.n.xiaomi.com:mijia-server/order.git
branch：dev
st job：job.order_service.order_servicegroup.shop_cluster.staging
",国内版,,,,,,待定,概率性偶发,,,2024/10/22 16:38,,,,,,,,待定,,0.0,,待定,,NONE,NONE,NONE,,,2024/10/22 16:38,2024/10/22 16:38,,NONE,,,2024/10/22 16:38,,,,,"Verification Version:

Verification Result:",请研发同事添加高通\MTK case ID,
【RPA泛化-武汉】泊入即将完成时急刹一次,AD-304959,1501079,故障,初步分析,AD,自动驾驶 面向量产 问题,software,zhaohongyi,,,重要,,dongjianhao,p-chenjiale7,ad-inf-data,2024/10/22 16:25,2024/10/22 16:27,2024/12/23 17:58,,泊车,2024/11/05 00:00,0,RPA泊出,中途急刹,,,"【测试车辆】: {color:#000000}adr::car:prod:MS11-1:LVEQGKDMN34L4BKR5{color}
【Event Key】: {color:#000000}EVENT_KEY_TRIGGER_RPA_PARKING_EXCEPTION{color}
【Extension Key】: {color:#000000}RpaParkingException{color}
【车辆编号】: {color:#000000}MT108{color}
【测试时间】: {color:#000000}2024-10-22 14:58:37~2024-10-22 14:59:35{color}
【原始数据切片-原始MCAP】: {color:#0000ff}[Event查看链接|https://cloud.evad.mioffice.cn/data/production-manage/event-list?event_id=1670914919&server=TJV1]{color}
【问题数据回放-MivizStudio】: {color:#0000ff}[Miviz Studio 在线可视化|https://prod-event-manage.evad.xiaomi.com/openapi/api/prod_event_web/v1/jira/redirect_studio?event_id=1670914919]{color}
【问题数据回放-SimView】: {color:#0000ff}[SimView可视化|https://prod-event-manage.evad.xiaomi.com/openapi/api/prod_event_web/v1/jira/redirect_simview?event_id=1670914919]{color}
【问题数据回放-SimView2Mp4】: 
【版本信息】: {color:#000000}manifest_mipilot_mbf_1419_20241021_10_26_31.txt{color}
【场景标签】: 
【问题标签】: 
【根因标签】: 
【问题描述】: 
【日志链接】: {color:#0000ff}[日志文件|https://prod-event-manage.evad.xiaomi.com/openapi/api/prod_event_web/v1/event/download?event_id=1670914919&download_type=5]{color}
【Jenkins链接】: {color:#0000ff}[Jenkins链接|https://jenkins.evad.mioffice.cn/blue/organizations/jenkins/mipilot_mbf/detail/mipilot_mbf/1419/pipeline]{color}
【Event ID】: {color:#0000ff}[1670914919|https://cloud.evad.mioffice.cn/data/production-manage/event-list?event_id=1670914919&server=TJV1]{color}
【工作流】: {color:#0000ff}[查看工作流|https://cloud.evad.mioffice.cn/data/production-manage/event-list/workflow-detail?event_id=1670914919&server=TJV1]{color}
【车辆位置】: 
【城市】: 
【车辆状态】: 
【auto_tags标签】: 
【感知数据融合】: 
【AEB感知AutoTriage结果】: 
【AutoTriageMetrics下载链接】:

测试人员：{*}常海博{*}

测试数据表：[https://xiaomi.f.mioffice.cn/sheets/shtk4HXO7bVukehsDWn2PE1PhYT?sheet=I1wbuX]

日志/视频/can数据：

SR：{color:#000000}1.7.42.6-RC12R1-sr_dcd_236{color}

DCD：{color:#1f2329}*S000001018FFF*{color}

手机型号：{*}华为{*}

APP版本：
{color:#1f2329}*2024/9/12*{color}

{color:#1f2329}数据：{color}
{color:#1f2329}Logging2024-10-22_14-58-36{color}
{color:#1f2329}video_27{color}
{color:#1f2329}video_ 27.1{color}
{color:#1f2329}拨杆按键时间：14:59:53{color}
 
{color:#1f2329}备注： !image-2024-10-22-16-27-08-662.png!{color}
{color:#1f2329}截图： !image-2024-10-22-16-27-31-398.png!{color}",,ad-inf-data,,,,,,,,,,,,"2024/10/22 16:27;p-chenjiale7;image-2024-10-22-16-27-08-662.png;https://viim.ev.mi.com/secure/attachment/1990497/image-2024-10-22-16-27-08-662.png","2024/10/22 16:27;p-chenjiale7;image-2024-10-22-16-27-31-398.png;https://viim.ev.mi.com/secure/attachment/1990496/image-2024-10-22-16-27-31-398.png",,,,2031/01/01 00:00,2024/10/22 16:25,2024/10/22 16:25,,BSP,,,,,,,To Do,,,,,,,"1、域名：
2、匹配规则：例如： /api/开头的请求
3、新增 或 删除规则：例如：新增
4、后端服务job名或英文简称：例如：mifi-pt-api
5、后端服务地址： 例如：c3-miui-fi-app02.bj:9582, c3-miui-fi-app03.bj:9582",,,,,,,,,,,泊车其他,,,,,,"0|i71z28:",,,,,,Hive,,,Empty(默认值),,,,,,,未分类,,,研发测试 Development Test,2024/10/22 16:25,MS11-1,,2024/10/22 16:25,,,MS11-1+ADD2 V22.0.0-Release+stable.20241021,K65_CN,"1、访问域名或url：例如：staging.mifi.pt.xiaomi.com

2、访问方：例如：贷款超市合作方马上金融测试环境

3、源IP：","需求背景：
1、背景描述（或当前存在问题）：
2、落地项目平台（内部代号）

详细描述：
1、UI菜单位置：
2、多语言翻译（支持多少种）：
3、详细描述（需要考虑默认焦点）：
4、异常情况处理：

UX/UE链接：",,"内容：
下线原因：
需要下线的机器/job：",2024/10/22 16:25,2024/10/22 16:25,B,,,,,2024/10/22 14:58,NONE,NONE,NONE,,,2024/10/22 16:25,,,一供,,,,,,,,,,,,NONE,NONE,,,NONE,NONE,"1、描述域名业务用途：例如：***业务
2、意向域名：***.xiaomi.srv
3、提供后端机器名或job名：
4、提供开发端口：
5、是否同时注册其他后缀域名：
6、其他特殊要求：
","1、机器名：

2、访问外网原因：",,,,,NONE,NONE,NONE,,NONE,,,,,商务合作,,普通变更,2024/10/22 16:25,,"1、域名：

2、下线原因：例如：业务不再使用","1、描述域名业务用途：例如：***平台 或 ***api接口域名
2、域名使用方或调用方：例如：金融app客户端 或 金服研发人员
3、意向域名：   例如：api.mifi.pt.xiaomi.com
4、服务环境： 【staging】或【线上】或【preview】
5、访问范围：【公网】或【内网】
6、后端服务job名或英文简称：例如：mifi-pt-api
7、后端服务地址： 例如：c3-miui-fi-app02.bj:9582, c3-miui-fi-app03.bj:9582
8、如需多条转发规则，请在此说明清楚：例如：/api/ 开头的请求转发至mifi-pt-api，其余请求转发至nginx机器本地/home/work/bin/mifi-api-web-static/webapp/
9、其他特殊要求： 例如：超时时间设置为3分钟；支持websocket连接等","1.意向域名
2.是否同时注册其他后缀域名（例如：.net/.cn等，如有，请列举后缀）
3.以哪个公司开发票（米科？米移？等等；财务原则：与业务的财务归属保持一致，详询财务总账组）
4.费用分摊到哪个部门（基本与业务需求方的部门保持一致，详询BIMI团队）
5.是否需要保密，如是的话，域名则以个人名义注册
6.是否需要备案，如是请联系运维部王熙茜（wangxiqian@xiaomi.com)抄送sa-sys@xiaomi.com
7.是否需要纳入公司运维部域名管理系统维护（非IT职能部门的域名必须纳入），如是，请在域名申请后，发送邮件至运维部系统组sa-sys@xiaomi.com
8.是否有核准的商标在，如果需要申请新的商标名称请联系知识产权部付明月（fumingyue@xiaomi.com)
9.其他特殊要求","【问题描述】:
【产生时间】:
【具体原因】:
【影响范围】:(描述影响的请求数，用户量)
【临时解决方案】:(根本解决方案较复杂，短期难以实现情况下的临时解决方法)
【临时解决时间】:
【根本解决方案】:
【最终解决时间】:
【关健日志】: （描述问题的日志或记录）",,,,Others,,,,null,,NONE,24RC12-E4U3,,2024/10/22 16:25,,NONE,,2024/10/22 00:00,可用性,,否,,"测试项目:
测试方法:
ROM:
apk版本:
apk链接:
测试模块:
测试机型:",,代码bug,,,,,"<数据类型1>	<保留时间>
<数据类型2>	<保留时间>
<数据类型3>	<保留时间>

如果没有，填写不适用",N/A,,,否,,"输出的第三方公司名称	
输出的理由	
输出的数据类型（请上传数据字典）	
是否签署合同（提供数据保护附录( DPA）模板两种供下载：委托处理和数据共享两类，上传与对方协商确认后的DPA条款）	
监控第三方公司的技术措施（请描述，如抓包、限制权限）	
提供输出第三方的合法性证明（请提交隐私政策中相关描述或弹窗、提示样例等附隐私政策描述或弹窗提示）	
传输方式（请填写传输方式，如接口传输，数据导出等）	
	接口传输（请备注传输协议，数据加密方式）
	数据导出（请备注使用人员姓名）","1. 是否存在传输回大陆地区
  <是/否/不适用>
2. 是否存在其他国家间跨境数据传输
  <是/否>","如果有填写
1. 调用数据所属部门：
   <所属部门>
2. 调用数据所属业务系统：
   <业务系统>
3. 调用的数据表	
    3.1   云平台-数据工厂	<如果有 调用表的地址>
    3.2  云平台-MySQL	<如果有 调用表的地址>
     3.3 其它	<调用表的地址 调用的数据字典>",,"如存在匿名收集，请展开如下项填写			
字段名	字段类型	      字段注释	用途	匿名方式
<字段1 >  <字段类型1> <字段注释1> <用途1>  <匿名方式，如小米统计匿名方式>
<字段2 >  <字段类型2> <字段注释2> <用途2>  <匿名方式，如小米统计匿名方式>  


注：匿名收集是指用任何方式无法对应到一个用户或者一台设备，比如加密时增加了随机参数				",如果有请描述使用的数据类型和使用方式：,否,无,误报,适配已完成,否,"1、重装原因说明：

2、目标机器：

3、目标操作系统版本：

4、可操作时间：例如：随时 或 线下沟通约定",,,2024/10/22 16:25,2024/10/22 16:25,2024/10/22 16:25,,,,,,,,, ADD2 V22.0.0 ,PT车辆,,,,,yutingting9,,,E4U3,,,,"机器名(job/IP)：
安装路径：/usr/local/bin/ (默认)
安装包名：
安装命令：",,"请描述经过用户同意的方式：
1. 是否使用统一隐私政策，文本请参考https://www.mi.com/about/privacy/
   <是/否>
2. 使用独立隐私政策
   <是/否>
   <如果是独立政策，在这里填写独立隐私政策的链接地址, 如http://zzz.mi.com/zzzz >
   <如果是独立政策，这里填写 请附弹窗或提示的文案及产品样式图 的访问链接>
3. 服务器是否记录用户点击同意
   <是/否>
4. 隐私政策是否提供所有销售国家语种的版本
    <是/否>
5. 隐私政策在APP或系统设置的法律条款中可查看
    <是/否>
    <交互截图链接，或者附件名称>
6. 是否收集敏感数据，在弹窗中明示说明收集SPII
    <是/否>
    <如果是 这里填写 弹窗的文案及样式>
7. 在收集、披露或以其他方式使用儿童（注各国标准不同）个人信息之前，是否从父母或其他对儿童负有法律责任人处获得同意？ 
    <是/否>",否,"• 是	
	接入小米账号统一提供接口，请在附件提供前端UI截图
	    App中存在撤回同意入口（Withdraw Consent）
	收到用户要求可后台支持撤回同意
• 否	
	无海外版
        未完成","1、sftp环境或域名或IP：如 staging环境sftp  或 stagingsftp.pay.mipay.com  或 58.83.177.88:2222

2、使用场景： 例如： 上传下载影像文件、授权书、调额结果等文件

3、使用方：例如：贷款超市合作方马上金融

4、账号名： 例如:  lm_mashang

5、目录及权限： 例如：
/mi
mifi-loan-lm，RW
sftp-admin, RW
lm_mashang，R

/partner
mifi-loan-lm，RW
sftp-admin, RW
lm_mashang，RW

6、合作机构出口IP（通过公网访问时需要）：

7、数据保存时间：例如：1个月","1、机型套餐参考 ：http://xbudget.pt.xiaomi.com/

2、详细说明机器申请理由：

3、服务器配置(内存，CPU，磁盘，操作系统)：

4、套餐类型:",MI1.0,NONE,是,E4U3,,N/A,NONE,,,"1、背景及原因

2、源IP、源端口、网络协议、目的IP、目的端口：",,,,,,,,,,,生态链公司,0.0,,,,,,,MS11-5-800V,,,"1、机器：

2、服务：例如lcs-agent

3、如非标准服务，请提供下载和安装步骤说明。",软件问题,,,N/A,NONE,,jira-miliao-project,,,,,"此处填写部署步骤：
【1】order模块部署（示例）
git：git@v9.git.n.xiaomi.com:mijia-server/order.git
branch：dev
st job：job.order_service.order_servicegroup.shop_cluster.staging
",国内版,,,,,,待定,概率性偶发,,,2024/10/22 16:25,,,,,,,,待定,,0.0,,待定,,NONE,NONE,NONE,,,2024/10/22 16:25,2024/10/22 16:25,,NONE,,,2024/10/22 16:25,,,,,"Verification Version:

Verification Result:",请研发同事添加高通\MTK case ID,
 【RPA泊出-武汉】冷启动泊出，泊出过程中顿挫2次，体感不佳。,AD-303998,1497110,故障,初步分析,AD,自动驾驶 面向量产 问题,software,zhaohongyi,,,重要,,dongjianhao,p-xuhuiling,p-xuhuiling,2024/10/22 09:53,2024/12/20 16:47,2024/12/23 17:58,,泊车,2024/11/05 00:00,0,RPA,RPA泊出,顿挫感明显,,"【测试车辆】: {color:#000000}adr::car:prod:MS11-5:LNBQJLWASEYRS3X95{color}
【Event Key】: {color:#000000}EVENT_KEY_TRIGGER_RPA_PARKING_EXCEPTION{color}
【Extension Key】: {color:#000000}RpaParkingOutException{color}
【车辆编号】: {color:#000000}PP062{color}
【测试时间】: {color:#000000}2024-10-21 18:35:46~2024-10-21 18:36:28{color}
【原始数据切片-原始MCAP】: {color:#0000ff}[Event查看链接|https://cloud.evad.mioffice.cn/data/production-manage/event-list?event_id=1664375674&server=TJV1]{color}
【问题数据回放-MivizStudio】: {color:#0000ff}[Miviz Studio 在线可视化|https://prod-event-manage.evad.xiaomi.com/openapi/api/prod_event_web/v1/jira/redirect_studio?event_id=1664375674]{color}
【问题数据回放-SimView】: {color:#0000ff}[SimView可视化|https://prod-event-manage.evad.xiaomi.com/openapi/api/prod_event_web/v1/jira/redirect_simview?event_id=1664375674]{color}
【问题数据回放-SimView2Mp4】: 
【版本信息】: {color:#000000}manifest_mipilot_mbf_1418_20241021_10_24_59.txt{color}
【场景标签】: 
【问题标签】: 
【根因标签】: 
【问题描述】: 
【日志链接】: {color:#0000ff}[日志文件|https://prod-event-manage.evad.xiaomi.com/openapi/api/prod_event_web/v1/event/download?event_id=1664375674&download_type=5]{color}
【Jenkins链接】: {color:#0000ff}[Jenkins链接|https://jenkins.evad.mioffice.cn/blue/organizations/jenkins/mipilot_mbf/detail/mipilot_mbf/1418/pipeline]{color}
【Event ID】: {color:#0000ff}[1664375674|https://cloud.evad.mioffice.cn/data/production-manage/event-list?event_id=1664375674&server=TJV1]{color}
【工作流】: {color:#0000ff}[查看工作流|https://cloud.evad.mioffice.cn/data/production-manage/event-list/workflow-detail?event_id=1664375674&server=TJV1]{color}
【车辆位置】: 
【城市】: 
【车辆状态】: 
【auto_tags标签】: 
【感知数据融合】: 
【AEB感知AutoTriage结果】: 
【AutoTriageMetrics下载链接】:

测试人员：{*}唐小松{*}

测试数据表：[‌​​⁠​​​​‌​​⁠‌‍​‌​‬‬​​​​​​‌‬​​​‬​‌⁠​‌⁠​​⁠‌‍RPA_RC12发版性能泛化测试记录表_高配 - 飞书云文档 (mioffice.cn)|https://xiaomi.f.mioffice.cn/sheets/shtk4fi2iDQuW6h1CoyGPIwA25d?sheet=ENyTuN]

SR：{*}release-1.7.42.6-RC12R1-sr_dcd_236{*}

DCD：{*}S000001018FFF{*}

手机型号：{*}小米14Pro{*}

APP版本：{*}2024/9/12 22:00:00{*}

数据
拨杆/回传：18:36:39
2024-10-21_18-35-31
video_12
video_12.1
截图 !image-2024-10-22-09-54-05-046.png!",,p-xuhuiling,,,,,,,,,,,AD-303993,"2024/10/22 09:54;p-xuhuiling;image-2024-10-22-09-54-05-046.png;https://viim.ev.mi.com/secure/attachment/1984839/image-2024-10-22-09-54-05-046.png",,,,,2031/01/01 00:00,2024/10/22 09:48,2024/10/22 09:48,,BSP,,,,,,,To Do,,,,,,,"1、域名：
2、匹配规则：例如： /api/开头的请求
3、新增 或 删除规则：例如：新增
4、后端服务job名或英文简称：例如：mifi-pt-api
5、后端服务地址： 例如：c3-miui-fi-app02.bj:9582, c3-miui-fi-app03.bj:9582",,,,,,,,,,,泊车其他,,,,,,"0|i71a4g:",,,,,,Hive,,,Empty(默认值),,,,,,,未分类,,,研发测试 Development Test,2024/10/22 09:48,MS11-5,,2024/10/22 09:48,,,MS11-5+ADD V22.0.0-Release+stable.20241021,K65_CN,"1、访问域名或url：例如：staging.mifi.pt.xiaomi.com

2、访问方：例如：贷款超市合作方马上金融测试环境

3、源IP：","需求背景：
1、背景描述（或当前存在问题）：
2、落地项目平台（内部代号）

详细描述：
1、UI菜单位置：
2、多语言翻译（支持多少种）：
3、详细描述（需要考虑默认焦点）：
4、异常情况处理：

UX/UE链接：",,"内容：
下线原因：
需要下线的机器/job：",2024/10/22 09:48,2024/10/22 09:48,B,,,,,2024/10/21 18:36,NONE,NONE,NONE,,,2024/10/22 09:48,,,一供,,,,,,,,,,,,NONE,NONE,,,NONE,NONE,"1、描述域名业务用途：例如：***业务
2、意向域名：***.xiaomi.srv
3、提供后端机器名或job名：
4、提供开发端口：
5、是否同时注册其他后缀域名：
6、其他特殊要求：
","1、机器名：

2、访问外网原因：",,,,,NONE,NONE,NONE,,NONE,,,,,商务合作,,普通变更,2024/10/22 09:48,,"1、域名：

2、下线原因：例如：业务不再使用","1、描述域名业务用途：例如：***平台 或 ***api接口域名
2、域名使用方或调用方：例如：金融app客户端 或 金服研发人员
3、意向域名：   例如：api.mifi.pt.xiaomi.com
4、服务环境： 【staging】或【线上】或【preview】
5、访问范围：【公网】或【内网】
6、后端服务job名或英文简称：例如：mifi-pt-api
7、后端服务地址： 例如：c3-miui-fi-app02.bj:9582, c3-miui-fi-app03.bj:9582
8、如需多条转发规则，请在此说明清楚：例如：/api/ 开头的请求转发至mifi-pt-api，其余请求转发至nginx机器本地/home/work/bin/mifi-api-web-static/webapp/
9、其他特殊要求： 例如：超时时间设置为3分钟；支持websocket连接等","1.意向域名
2.是否同时注册其他后缀域名（例如：.net/.cn等，如有，请列举后缀）
3.以哪个公司开发票（米科？米移？等等；财务原则：与业务的财务归属保持一致，详询财务总账组）
4.费用分摊到哪个部门（基本与业务需求方的部门保持一致，详询BIMI团队）
5.是否需要保密，如是的话，域名则以个人名义注册
6.是否需要备案，如是请联系运维部王熙茜（wangxiqian@xiaomi.com)抄送sa-sys@xiaomi.com
7.是否需要纳入公司运维部域名管理系统维护（非IT职能部门的域名必须纳入），如是，请在域名申请后，发送邮件至运维部系统组sa-sys@xiaomi.com
8.是否有核准的商标在，如果需要申请新的商标名称请联系知识产权部付明月（fumingyue@xiaomi.com)
9.其他特殊要求","【问题描述】:
【产生时间】:
【具体原因】:
【影响范围】:(描述影响的请求数，用户量)
【临时解决方案】:(根本解决方案较复杂，短期难以实现情况下的临时解决方法)
【临时解决时间】:
【根本解决方案】:
【最终解决时间】:
【关健日志】: （描述问题的日志或记录）",,,,Others,,,,null,,NONE,24RC12-E4U3,,2024/10/22 09:48,,NONE,,2024/10/22 00:00,可用性,,否,,"测试项目:
测试方法:
ROM:
apk版本:
apk链接:
测试模块:
测试机型:",,代码bug,,,,,"<数据类型1>	<保留时间>
<数据类型2>	<保留时间>
<数据类型3>	<保留时间>

如果没有，填写不适用",N/A,,,否,,"输出的第三方公司名称	
输出的理由	
输出的数据类型（请上传数据字典）	
是否签署合同（提供数据保护附录( DPA）模板两种供下载：委托处理和数据共享两类，上传与对方协商确认后的DPA条款）	
监控第三方公司的技术措施（请描述，如抓包、限制权限）	
提供输出第三方的合法性证明（请提交隐私政策中相关描述或弹窗、提示样例等附隐私政策描述或弹窗提示）	
传输方式（请填写传输方式，如接口传输，数据导出等）	
	接口传输（请备注传输协议，数据加密方式）
	数据导出（请备注使用人员姓名）","1. 是否存在传输回大陆地区
  <是/否/不适用>
2. 是否存在其他国家间跨境数据传输
  <是/否>","如果有填写
1. 调用数据所属部门：
   <所属部门>
2. 调用数据所属业务系统：
   <业务系统>
3. 调用的数据表	
    3.1   云平台-数据工厂	<如果有 调用表的地址>
    3.2  云平台-MySQL	<如果有 调用表的地址>
     3.3 其它	<调用表的地址 调用的数据字典>",,"如存在匿名收集，请展开如下项填写			
字段名	字段类型	      字段注释	用途	匿名方式
<字段1 >  <字段类型1> <字段注释1> <用途1>  <匿名方式，如小米统计匿名方式>
<字段2 >  <字段类型2> <字段注释2> <用途2>  <匿名方式，如小米统计匿名方式>  


注：匿名收集是指用任何方式无法对应到一个用户或者一台设备，比如加密时增加了随机参数				",如果有请描述使用的数据类型和使用方式：,否,无,误报,适配已完成,否,"1、重装原因说明：

2、目标机器：

3、目标操作系统版本：

4、可操作时间：例如：随时 或 线下沟通约定",,,2024/10/22 09:48,2024/10/22 09:48,2024/10/22 09:48,,,,,,,,,ADD V22.0.0,PT车辆,,,,,yutingting9,,,E4U3,,,,"机器名(job/IP)：
安装路径：/usr/local/bin/ (默认)
安装包名：
安装命令：",,"请描述经过用户同意的方式：
1. 是否使用统一隐私政策，文本请参考https://www.mi.com/about/privacy/
   <是/否>
2. 使用独立隐私政策
   <是/否>
   <如果是独立政策，在这里填写独立隐私政策的链接地址, 如http://zzz.mi.com/zzzz >
   <如果是独立政策，这里填写 请附弹窗或提示的文案及产品样式图 的访问链接>
3. 服务器是否记录用户点击同意
   <是/否>
4. 隐私政策是否提供所有销售国家语种的版本
    <是/否>
5. 隐私政策在APP或系统设置的法律条款中可查看
    <是/否>
    <交互截图链接，或者附件名称>
6. 是否收集敏感数据，在弹窗中明示说明收集SPII
    <是/否>
    <如果是 这里填写 弹窗的文案及样式>
7. 在收集、披露或以其他方式使用儿童（注各国标准不同）个人信息之前，是否从父母或其他对儿童负有法律责任人处获得同意？ 
    <是/否>",否,"• 是	
	接入小米账号统一提供接口，请在附件提供前端UI截图
	    App中存在撤回同意入口（Withdraw Consent）
	收到用户要求可后台支持撤回同意
• 否	
	无海外版
        未完成","1、sftp环境或域名或IP：如 staging环境sftp  或 stagingsftp.pay.mipay.com  或 58.83.177.88:2222

2、使用场景： 例如： 上传下载影像文件、授权书、调额结果等文件

3、使用方：例如：贷款超市合作方马上金融

4、账号名： 例如:  lm_mashang

5、目录及权限： 例如：
/mi
mifi-loan-lm，RW
sftp-admin, RW
lm_mashang，R

/partner
mifi-loan-lm，RW
sftp-admin, RW
lm_mashang，RW

6、合作机构出口IP（通过公网访问时需要）：

7、数据保存时间：例如：1个月","1、机型套餐参考 ：http://xbudget.pt.xiaomi.com/

2、详细说明机器申请理由：

3、服务器配置(内存，CPU，磁盘，操作系统)：

4、套餐类型:",MI1.0,NONE,是,E4U3,,N/A,NONE,,,"1、背景及原因

2、源IP、源端口、网络协议、目的IP、目的端口：",,,,,,,,,,,生态链公司,0.0,,,,,,,MS11-5-800V,,,"1、机器：

2、服务：例如lcs-agent

3、如非标准服务，请提供下载和安装步骤说明。",软件问题,,,N/A,NONE,,jira-miliao-project,,,,,"此处填写部署步骤：
【1】order模块部署（示例）
git：git@v9.git.n.xiaomi.com:mijia-server/order.git
branch：dev
st job：job.order_service.order_servicegroup.shop_cluster.staging
",国内版,,,,,,待定,概率性偶发,,,2024/10/22 09:48,,,,,,,,待定,,0.0,,待定,,NONE,NONE,NONE,,,2024/10/22 09:48,2024/10/22 09:48,,NONE,,,2024/10/22 09:48,,,,,"Verification Version:

Verification Result:",请研发同事添加高通\MTK case ID,
【RPA泊出-武汉】冷启动泊出时压到饮料瓶后退出泊车,AD-302246,1493527,故障,初步分析,AD,自动驾驶 面向量产 问题,software,zhaohongyi,,,重要,,dongjianhao,p-xuhuiling,ad-inf-data,2024/10/21 17:36,2024/10/21 17:50,2024/12/23 17:58,,泊车,2024/11/04 00:00,0,RPA,RPA泊出,中途退出,,"【测试车辆】: {color:#000000}adr::car:prod:MS11-1:LVEQGKDMN34L4BKR5{color}
【Event Key】: {color:#000000}EVENT_KEY_TRIGGER_RPA_PARKING_EXCEPTION{color}
【Extension Key】: {color:#000000}RpaParkingOutException{color}
【车辆编号】: {color:#000000}MT108{color}
【测试时间】: {color:#000000}2024-10-21 17:12:52~2024-10-21 17:13:19{color}
【原始数据切片-原始MCAP】: {color:#0000ff}[Event查看链接|https://cloud.evad.mioffice.cn/data/production-manage/event-list?event_id=1662879435&server=TJV1]{color}
【问题数据回放-MivizStudio】: {color:#0000ff}[Miviz Studio 在线可视化|https://prod-event-manage.evad.xiaomi.com/openapi/api/prod_event_web/v1/jira/redirect_studio?event_id=1662879435]{color}
【问题数据回放-SimView】: {color:#0000ff}[SimView可视化|https://prod-event-manage.evad.xiaomi.com/openapi/api/prod_event_web/v1/jira/redirect_simview?event_id=1662879435]{color}
【问题数据回放-SimView2Mp4】: 
【版本信息】: {color:#000000}manifest_mipilot_mbf_1419_20241021_10_26_31.txt{color}
【场景标签】: 
【问题标签】: 
【根因标签】: 
【问题描述】: 
【日志链接】: {color:#0000ff}[日志文件|https://prod-event-manage.evad.xiaomi.com/openapi/api/prod_event_web/v1/event/download?event_id=1662879435&download_type=5]{color}
【Jenkins链接】: {color:#0000ff}[Jenkins链接|https://jenkins.evad.mioffice.cn/blue/organizations/jenkins/mipilot_mbf/detail/mipilot_mbf/1419/pipeline]{color}
【Event ID】: {color:#0000ff}[1662879435|https://cloud.evad.mioffice.cn/data/production-manage/event-list?event_id=1662879435&server=TJV1]{color}
【工作流】: {color:#0000ff}[查看工作流|https://cloud.evad.mioffice.cn/data/production-manage/event-list/workflow-detail?event_id=1662879435&server=TJV1]{color}
【车辆位置】: 
【城市】: 
【车辆状态】: 
【auto_tags标签】: 
【感知数据融合】: 
【AEB感知AutoTriage结果】: 
【AutoTriageMetrics下载链接】:

测试人员：{*}张梦{*}

测试数据表：[RPA_RC12发版性能泛化测试记录表_低配 - 飞书云文档 (mioffice.cn)|https://xiaomi.f.mioffice.cn/sheets/shtk4HXO7bVukehsDWn2PE1PhYT?sheet=JVjZbw]

SR：1.7.42.6-RC12R1-sr_dcd_236

DCD：{*}S000001018FFF{*}

手机型号：{*}华为{*}

APP版本：{*}2024/9/12{*}

数据
Logging2024-10-21_17-01-31
video_6
video_ 6.1
拨杆按键时间：17:13:44
截图 !image-2024-10-21-17-38-28-070.png!!image-2024-10-21-17-49-40-862.png!!image-2024-10-21-17-50-09-998.png!!image-2024-10-21-17-50-15-830.png! 备注 !image-2024-10-21-17-39-38-792.png!",,ad-inf-data,,,,,,,,,,,,"2024/10/21 17:38;p-xuhuiling;image-2024-10-21-17-38-28-070.png;https://viim.ev.mi.com/secure/attachment/1980346/image-2024-10-21-17-38-28-070.png","2024/10/21 17:39;p-xuhuiling;image-2024-10-21-17-39-38-792.png;https://viim.ev.mi.com/secure/attachment/1980345/image-2024-10-21-17-39-38-792.png","2024/10/21 17:49;p-xuhuiling;image-2024-10-21-17-49-40-862.png;https://viim.ev.mi.com/secure/attachment/1980557/image-2024-10-21-17-49-40-862.png","2024/10/21 17:50;p-xuhuiling;image-2024-10-21-17-50-09-998.png;https://viim.ev.mi.com/secure/attachment/1980565/image-2024-10-21-17-50-09-998.png","2024/10/21 17:50;p-xuhuiling;image-2024-10-21-17-50-15-830.png;https://viim.ev.mi.com/secure/attachment/1980566/image-2024-10-21-17-50-15-830.png",2031/01/01 00:00,2024/10/21 17:36,2024/10/21 17:36,,BSP,,,,,,,To Do,,,,,,,"1、域名：
2、匹配规则：例如： /api/开头的请求
3、新增 或 删除规则：例如：新增
4、后端服务job名或英文简称：例如：mifi-pt-api
5、后端服务地址： 例如：c3-miui-fi-app02.bj:9582, c3-miui-fi-app03.bj:9582",,,,,,,,,,,泊车其他,,,,,,"0|i70nzc:",,,,,,Hive,,,Empty(默认值),,,,,,,未分类,,,研发测试 Development Test,2024/10/21 17:36,MS11-1,,2024/10/21 17:36,,,MS11-1+ADD2 V22.0.0-Release+stable.20241021,K65_CN,"1、访问域名或url：例如：staging.mifi.pt.xiaomi.com

2、访问方：例如：贷款超市合作方马上金融测试环境

3、源IP：","需求背景：
1、背景描述（或当前存在问题）：
2、落地项目平台（内部代号）

详细描述：
1、UI菜单位置：
2、多语言翻译（支持多少种）：
3、详细描述（需要考虑默认焦点）：
4、异常情况处理：

UX/UE链接：",,"内容：
下线原因：
需要下线的机器/job：",2024/10/21 17:36,2024/10/21 17:36,B,,,,,2024/10/21 17:13,NONE,NONE,NONE,,,2024/10/21 17:36,,,一供,,,,,,,,,,,,NONE,NONE,,,NONE,NONE,"1、描述域名业务用途：例如：***业务
2、意向域名：***.xiaomi.srv
3、提供后端机器名或job名：
4、提供开发端口：
5、是否同时注册其他后缀域名：
6、其他特殊要求：
","1、机器名：

2、访问外网原因：",,,,,NONE,NONE,NONE,,NONE,,,,,商务合作,,普通变更,2024/10/21 17:36,,"1、域名：

2、下线原因：例如：业务不再使用","1、描述域名业务用途：例如：***平台 或 ***api接口域名
2、域名使用方或调用方：例如：金融app客户端 或 金服研发人员
3、意向域名：   例如：api.mifi.pt.xiaomi.com
4、服务环境： 【staging】或【线上】或【preview】
5、访问范围：【公网】或【内网】
6、后端服务job名或英文简称：例如：mifi-pt-api
7、后端服务地址： 例如：c3-miui-fi-app02.bj:9582, c3-miui-fi-app03.bj:9582
8、如需多条转发规则，请在此说明清楚：例如：/api/ 开头的请求转发至mifi-pt-api，其余请求转发至nginx机器本地/home/work/bin/mifi-api-web-static/webapp/
9、其他特殊要求： 例如：超时时间设置为3分钟；支持websocket连接等","1.意向域名
2.是否同时注册其他后缀域名（例如：.net/.cn等，如有，请列举后缀）
3.以哪个公司开发票（米科？米移？等等；财务原则：与业务的财务归属保持一致，详询财务总账组）
4.费用分摊到哪个部门（基本与业务需求方的部门保持一致，详询BIMI团队）
5.是否需要保密，如是的话，域名则以个人名义注册
6.是否需要备案，如是请联系运维部王熙茜（wangxiqian@xiaomi.com)抄送sa-sys@xiaomi.com
7.是否需要纳入公司运维部域名管理系统维护（非IT职能部门的域名必须纳入），如是，请在域名申请后，发送邮件至运维部系统组sa-sys@xiaomi.com
8.是否有核准的商标在，如果需要申请新的商标名称请联系知识产权部付明月（fumingyue@xiaomi.com)
9.其他特殊要求","【问题描述】:
【产生时间】:
【具体原因】:
【影响范围】:(描述影响的请求数，用户量)
【临时解决方案】:(根本解决方案较复杂，短期难以实现情况下的临时解决方法)
【临时解决时间】:
【根本解决方案】:
【最终解决时间】:
【关健日志】: （描述问题的日志或记录）",,,,Others,,,,null,,NONE,24RC12-E4U3,,2024/10/21 17:36,,NONE,,2024/10/21 00:00,可用性,,否,,"测试项目:
测试方法:
ROM:
apk版本:
apk链接:
测试模块:
测试机型:",,代码bug,,,,,"<数据类型1>	<保留时间>
<数据类型2>	<保留时间>
<数据类型3>	<保留时间>

如果没有，填写不适用",N/A,,,否,,"输出的第三方公司名称	
输出的理由	
输出的数据类型（请上传数据字典）	
是否签署合同（提供数据保护附录( DPA）模板两种供下载：委托处理和数据共享两类，上传与对方协商确认后的DPA条款）	
监控第三方公司的技术措施（请描述，如抓包、限制权限）	
提供输出第三方的合法性证明（请提交隐私政策中相关描述或弹窗、提示样例等附隐私政策描述或弹窗提示）	
传输方式（请填写传输方式，如接口传输，数据导出等）	
	接口传输（请备注传输协议，数据加密方式）
	数据导出（请备注使用人员姓名）","1. 是否存在传输回大陆地区
  <是/否/不适用>
2. 是否存在其他国家间跨境数据传输
  <是/否>","如果有填写
1. 调用数据所属部门：
   <所属部门>
2. 调用数据所属业务系统：
   <业务系统>
3. 调用的数据表	
    3.1   云平台-数据工厂	<如果有 调用表的地址>
    3.2  云平台-MySQL	<如果有 调用表的地址>
     3.3 其它	<调用表的地址 调用的数据字典>",,"如存在匿名收集，请展开如下项填写			
字段名	字段类型	      字段注释	用途	匿名方式
<字段1 >  <字段类型1> <字段注释1> <用途1>  <匿名方式，如小米统计匿名方式>
<字段2 >  <字段类型2> <字段注释2> <用途2>  <匿名方式，如小米统计匿名方式>  


注：匿名收集是指用任何方式无法对应到一个用户或者一台设备，比如加密时增加了随机参数				",如果有请描述使用的数据类型和使用方式：,否,无,误报,适配已完成,否,"1、重装原因说明：

2、目标机器：

3、目标操作系统版本：

4、可操作时间：例如：随时 或 线下沟通约定",,,2024/10/21 17:36,2024/10/21 17:36,2024/10/21 17:36,,,,,,,,,ADD2 V22.0.0,PT车辆,,,,,yutingting9,,,E4U3,,,,"机器名(job/IP)：
安装路径：/usr/local/bin/ (默认)
安装包名：
安装命令：",,"请描述经过用户同意的方式：
1. 是否使用统一隐私政策，文本请参考https://www.mi.com/about/privacy/
   <是/否>
2. 使用独立隐私政策
   <是/否>
   <如果是独立政策，在这里填写独立隐私政策的链接地址, 如http://zzz.mi.com/zzzz >
   <如果是独立政策，这里填写 请附弹窗或提示的文案及产品样式图 的访问链接>
3. 服务器是否记录用户点击同意
   <是/否>
4. 隐私政策是否提供所有销售国家语种的版本
    <是/否>
5. 隐私政策在APP或系统设置的法律条款中可查看
    <是/否>
    <交互截图链接，或者附件名称>
6. 是否收集敏感数据，在弹窗中明示说明收集SPII
    <是/否>
    <如果是 这里填写 弹窗的文案及样式>
7. 在收集、披露或以其他方式使用儿童（注各国标准不同）个人信息之前，是否从父母或其他对儿童负有法律责任人处获得同意？ 
    <是/否>",否,"• 是	
	接入小米账号统一提供接口，请在附件提供前端UI截图
	    App中存在撤回同意入口（Withdraw Consent）
	收到用户要求可后台支持撤回同意
• 否	
	无海外版
        未完成","1、sftp环境或域名或IP：如 staging环境sftp  或 stagingsftp.pay.mipay.com  或 58.83.177.88:2222

2、使用场景： 例如： 上传下载影像文件、授权书、调额结果等文件

3、使用方：例如：贷款超市合作方马上金融

4、账号名： 例如:  lm_mashang

5、目录及权限： 例如：
/mi
mifi-loan-lm，RW
sftp-admin, RW
lm_mashang，R

/partner
mifi-loan-lm，RW
sftp-admin, RW
lm_mashang，RW

6、合作机构出口IP（通过公网访问时需要）：

7、数据保存时间：例如：1个月","1、机型套餐参考 ：http://xbudget.pt.xiaomi.com/

2、详细说明机器申请理由：

3、服务器配置(内存，CPU，磁盘，操作系统)：

4、套餐类型:",MI1.0,NONE,是,E4U3,,N/A,NONE,,,"1、背景及原因

2、源IP、源端口、网络协议、目的IP、目的端口：",,,,,,,,,,,生态链公司,0.0,,,,,,,MS11-5-800V,,,"1、机器：

2、服务：例如lcs-agent

3、如非标准服务，请提供下载和安装步骤说明。",软件问题,,,N/A,NONE,,jira-miliao-project,,,,,"此处填写部署步骤：
【1】order模块部署（示例）
git：git@v9.git.n.xiaomi.com:mijia-server/order.git
branch：dev
st job：job.order_service.order_servicegroup.shop_cluster.staging
",国内版,,,,,,待定,概率性偶发,,,2024/10/21 17:36,,,,,,,,待定,,0.0,,待定,,NONE,NONE,NONE,,,2024/10/21 17:36,2024/10/21 17:36,,NONE,,,2024/10/21 17:36,,,,,"Verification Version:

Verification Result:",请研发同事添加高通\MTK case ID,
【RPA泊出-武汉】冷启动泊出时自车急刹一次,AD-302195,1493366,故障,初步分析,AD,自动驾驶 面向量产 问题,software,zhaohongyi,,,次要,,dongjianhao,p-xuhuiling,ad-inf-data,2024/10/21 17:27,2024/12/20 16:46,2024/12/23 17:58,,泊车,2024/11/04 00:00,0,RPA,RPA泊出,中途急刹,,"【测试车辆】: {color:#000000}adr::car:prod:MS11-1:LVEQGKDMN34L4BKR5{color}
【Event Key】: {color:#000000}EVENT_KEY_TRIGGER_RPA_PARKING_EXCEPTION{color}
【Extension Key】: {color:#000000}RpaParkingOutException{color}
【车辆编号】: {color:#000000}MT108{color}
【测试时间】: {color:#000000}2024-10-21 16:39:22~2024-10-21 16:40:45{color}
【原始数据切片-原始MCAP】: {color:#0000ff}[Event查看链接|https://cloud.evad.mioffice.cn/data/production-manage/event-list?event_id=1662523814&server=TJV1]{color}
【问题数据回放-MivizStudio】: {color:#0000ff}[Miviz Studio 在线可视化|https://prod-event-manage.evad.xiaomi.com/openapi/api/prod_event_web/v1/jira/redirect_studio?event_id=1662523814]{color}
【问题数据回放-SimView】: {color:#0000ff}[SimView可视化|https://prod-event-manage.evad.xiaomi.com/openapi/api/prod_event_web/v1/jira/redirect_simview?event_id=1662523814]{color}
【问题数据回放-SimView2Mp4】: 
【版本信息】: {color:#000000}manifest_mipilot_mbf_1419_20241021_10_26_31.txt{color}
【场景标签】: 
【问题标签】: 
【根因标签】: 
【问题描述】: 
【日志链接】: {color:#0000ff}[日志文件|https://prod-event-manage.evad.xiaomi.com/openapi/api/prod_event_web/v1/event/download?event_id=1662523814&download_type=5]{color}
【Jenkins链接】: {color:#0000ff}[Jenkins链接|https://jenkins.evad.mioffice.cn/blue/organizations/jenkins/mipilot_mbf/detail/mipilot_mbf/1419/pipeline]{color}
【Event ID】: {color:#0000ff}[1662523814|https://cloud.evad.mioffice.cn/data/production-manage/event-list?event_id=1662523814&server=TJV1]{color}
【工作流】: {color:#0000ff}[查看工作流|https://cloud.evad.mioffice.cn/data/production-manage/event-list/workflow-detail?event_id=1662523814&server=TJV1]{color}
【车辆位置】: 
【城市】: 
【车辆状态】: 
【auto_tags标签】: 
【感知数据融合】: 
【AEB感知AutoTriage结果】: 
【AutoTriageMetrics下载链接】:

测试人员：{*}张梦{*}

测试数据表：[RPA_RC12发版性能泛化测试记录表_低配 - 飞书云文档 (mioffice.cn)|https://xiaomi.f.mioffice.cn/sheets/shtk4HXO7bVukehsDWn2PE1PhYT?sheet=JVjZbw]

SR：1.7.42.6-RC12R1-sr_dcd_236

DCD：{*}S000001018FFF{*}

手机型号：{*}华为{*}

APP版本：{*}2024/9/12{*}

数据
Logging2024-10-21_16-28-56
video_2
video_ 2.1
按键拨杆时间：16:41:16
 
截图 !image-2024-10-21-17-29-49-880.png!",,ad-inf-data,,,,,,,,,,AD-302224,,"2024/10/21 17:29;p-xuhuiling;image-2024-10-21-17-29-49-880.png;https://viim.ev.mi.com/secure/attachment/1980247/image-2024-10-21-17-29-49-880.png",,,,,2031/01/01 00:00,2024/10/21 17:27,2024/10/21 17:27,,BSP,,,,,,,To Do,,,,,,,"1、域名：
2、匹配规则：例如： /api/开头的请求
3、新增 或 删除规则：例如：新增
4、后端服务job名或英文简称：例如：mifi-pt-api
5、后端服务地址： 例如：c3-miui-fi-app02.bj:9582, c3-miui-fi-app03.bj:9582",,,,,,,,,,,泊车其他,,,,,,"0|i70n7s:",,,,,,Hive,,,Empty(默认值),,,,,,,未分类,,,研发测试 Development Test,2024/10/21 17:27,MS11-1,,2024/10/21 17:27,,,MS11-1+ADD2 V22.0.0-Release+stable.20241021,K65_CN,"1、访问域名或url：例如：staging.mifi.pt.xiaomi.com

2、访问方：例如：贷款超市合作方马上金融测试环境

3、源IP：","需求背景：
1、背景描述（或当前存在问题）：
2、落地项目平台（内部代号）

详细描述：
1、UI菜单位置：
2、多语言翻译（支持多少种）：
3、详细描述（需要考虑默认焦点）：
4、异常情况处理：

UX/UE链接：",,"内容：
下线原因：
需要下线的机器/job：",2024/10/21 17:27,2024/10/21 17:27,C,,,,,2024/10/21 16:39,NONE,NONE,NONE,,,2024/10/21 17:27,,,一供,,,,,,,,,,,,NONE,NONE,,,NONE,NONE,"1、描述域名业务用途：例如：***业务
2、意向域名：***.xiaomi.srv
3、提供后端机器名或job名：
4、提供开发端口：
5、是否同时注册其他后缀域名：
6、其他特殊要求：
","1、机器名：

2、访问外网原因：",,,,,NONE,NONE,NONE,,NONE,,,,,商务合作,,普通变更,2024/10/21 17:27,,"1、域名：

2、下线原因：例如：业务不再使用","1、描述域名业务用途：例如：***平台 或 ***api接口域名
2、域名使用方或调用方：例如：金融app客户端 或 金服研发人员
3、意向域名：   例如：api.mifi.pt.xiaomi.com
4、服务环境： 【staging】或【线上】或【preview】
5、访问范围：【公网】或【内网】
6、后端服务job名或英文简称：例如：mifi-pt-api
7、后端服务地址： 例如：c3-miui-fi-app02.bj:9582, c3-miui-fi-app03.bj:9582
8、如需多条转发规则，请在此说明清楚：例如：/api/ 开头的请求转发至mifi-pt-api，其余请求转发至nginx机器本地/home/work/bin/mifi-api-web-static/webapp/
9、其他特殊要求： 例如：超时时间设置为3分钟；支持websocket连接等","1.意向域名
2.是否同时注册其他后缀域名（例如：.net/.cn等，如有，请列举后缀）
3.以哪个公司开发票（米科？米移？等等；财务原则：与业务的财务归属保持一致，详询财务总账组）
4.费用分摊到哪个部门（基本与业务需求方的部门保持一致，详询BIMI团队）
5.是否需要保密，如是的话，域名则以个人名义注册
6.是否需要备案，如是请联系运维部王熙茜（wangxiqian@xiaomi.com)抄送sa-sys@xiaomi.com
7.是否需要纳入公司运维部域名管理系统维护（非IT职能部门的域名必须纳入），如是，请在域名申请后，发送邮件至运维部系统组sa-sys@xiaomi.com
8.是否有核准的商标在，如果需要申请新的商标名称请联系知识产权部付明月（fumingyue@xiaomi.com)
9.其他特殊要求","【问题描述】:
【产生时间】:
【具体原因】:
【影响范围】:(描述影响的请求数，用户量)
【临时解决方案】:(根本解决方案较复杂，短期难以实现情况下的临时解决方法)
【临时解决时间】:
【根本解决方案】:
【最终解决时间】:
【关健日志】: （描述问题的日志或记录）",,,,Others,,,,null,,NONE,24RC12-E4U3,,2024/10/21 17:27,,NONE,,2024/10/21 00:00,可用性,,否,,"测试项目:
测试方法:
ROM:
apk版本:
apk链接:
测试模块:
测试机型:",,代码bug,,,,,"<数据类型1>	<保留时间>
<数据类型2>	<保留时间>
<数据类型3>	<保留时间>

如果没有，填写不适用",N/A,,,否,,"输出的第三方公司名称	
输出的理由	
输出的数据类型（请上传数据字典）	
是否签署合同（提供数据保护附录( DPA）模板两种供下载：委托处理和数据共享两类，上传与对方协商确认后的DPA条款）	
监控第三方公司的技术措施（请描述，如抓包、限制权限）	
提供输出第三方的合法性证明（请提交隐私政策中相关描述或弹窗、提示样例等附隐私政策描述或弹窗提示）	
传输方式（请填写传输方式，如接口传输，数据导出等）	
	接口传输（请备注传输协议，数据加密方式）
	数据导出（请备注使用人员姓名）","1. 是否存在传输回大陆地区
  <是/否/不适用>
2. 是否存在其他国家间跨境数据传输
  <是/否>","如果有填写
1. 调用数据所属部门：
   <所属部门>
2. 调用数据所属业务系统：
   <业务系统>
3. 调用的数据表	
    3.1   云平台-数据工厂	<如果有 调用表的地址>
    3.2  云平台-MySQL	<如果有 调用表的地址>
     3.3 其它	<调用表的地址 调用的数据字典>",,"如存在匿名收集，请展开如下项填写			
字段名	字段类型	      字段注释	用途	匿名方式
<字段1 >  <字段类型1> <字段注释1> <用途1>  <匿名方式，如小米统计匿名方式>
<字段2 >  <字段类型2> <字段注释2> <用途2>  <匿名方式，如小米统计匿名方式>  


注：匿名收集是指用任何方式无法对应到一个用户或者一台设备，比如加密时增加了随机参数				",如果有请描述使用的数据类型和使用方式：,否,无,误报,适配已完成,否,"1、重装原因说明：

2、目标机器：

3、目标操作系统版本：

4、可操作时间：例如：随时 或 线下沟通约定",,,2024/10/21 17:27,2024/10/21 17:27,2024/10/21 17:27,,,,,,,,,ADD2 V22.0.0,PT车辆,,,,,yutingting9,,,E4U3,,,,"机器名(job/IP)：
安装路径：/usr/local/bin/ (默认)
安装包名：
安装命令：",,"请描述经过用户同意的方式：
1. 是否使用统一隐私政策，文本请参考https://www.mi.com/about/privacy/
   <是/否>
2. 使用独立隐私政策
   <是/否>
   <如果是独立政策，在这里填写独立隐私政策的链接地址, 如http://zzz.mi.com/zzzz >
   <如果是独立政策，这里填写 请附弹窗或提示的文案及产品样式图 的访问链接>
3. 服务器是否记录用户点击同意
   <是/否>
4. 隐私政策是否提供所有销售国家语种的版本
    <是/否>
5. 隐私政策在APP或系统设置的法律条款中可查看
    <是/否>
    <交互截图链接，或者附件名称>
6. 是否收集敏感数据，在弹窗中明示说明收集SPII
    <是/否>
    <如果是 这里填写 弹窗的文案及样式>
7. 在收集、披露或以其他方式使用儿童（注各国标准不同）个人信息之前，是否从父母或其他对儿童负有法律责任人处获得同意？ 
    <是/否>",否,"• 是	
	接入小米账号统一提供接口，请在附件提供前端UI截图
	    App中存在撤回同意入口（Withdraw Consent）
	收到用户要求可后台支持撤回同意
• 否	
	无海外版
        未完成","1、sftp环境或域名或IP：如 staging环境sftp  或 stagingsftp.pay.mipay.com  或 58.83.177.88:2222

2、使用场景： 例如： 上传下载影像文件、授权书、调额结果等文件

3、使用方：例如：贷款超市合作方马上金融

4、账号名： 例如:  lm_mashang

5、目录及权限： 例如：
/mi
mifi-loan-lm，RW
sftp-admin, RW
lm_mashang，R

/partner
mifi-loan-lm，RW
sftp-admin, RW
lm_mashang，RW

6、合作机构出口IP（通过公网访问时需要）：

7、数据保存时间：例如：1个月","1、机型套餐参考 ：http://xbudget.pt.xiaomi.com/

2、详细说明机器申请理由：

3、服务器配置(内存，CPU，磁盘，操作系统)：

4、套餐类型:",MI1.0,NONE,是,E4U3,,N/A,NONE,,,"1、背景及原因

2、源IP、源端口、网络协议、目的IP、目的端口：",,,,,,,,,,,生态链公司,0.0,,,,,,,MS11-5-800V,,,"1、机器：

2、服务：例如lcs-agent

3、如非标准服务，请提供下载和安装步骤说明。",软件问题,,,N/A,NONE,,jira-miliao-project,,,,,"此处填写部署步骤：
【1】order模块部署（示例）
git：git@v9.git.n.xiaomi.com:mijia-server/order.git
branch：dev
st job：job.order_service.order_servicegroup.shop_cluster.staging
",国内版,,,,,,待定,概率性偶发,,,2024/10/21 17:27,,,,,,,,待定,,0.0,,待定,,NONE,NONE,NONE,,,2024/10/21 17:27,2024/10/21 17:27,,NONE,,,2024/10/21 17:27,,,,,"Verification Version:

Verification Result:",请研发同事添加高通\MTK case ID,
【RPA泊出-武汉】冷启动泊出，遥控泊出顿挫两次,AD-292654,1465504,故障,初步分析,AD,自动驾驶 面向量产 问题,software,zhaohongyi,,,次要,,dongjianhao,p-xuhuiling,ad-inf-data,2024/10/17 14:26,2024/12/20 16:16,2024/12/23 17:58,,泊车,2024/10/31 00:00,0,RPA,RPA泊出,顿挫感明显,,"【测试车辆】: {color:#000000}adr::car:prod:MS11-4:LVEQXJFYWLJPSAWH7{color}
【Event Key】: {color:#000000}EVENT_KEY_TRIGGER_RPA_PARKING_EXCEPTION{color}
【Extension Key】: {color:#000000}RpaParkingOutException{color}
【车辆编号】: {color:#000000}MT089{color}
【测试时间】: {color:#000000}2024-10-17 12:00:36~2024-10-17 12:01:18{color}
【原始数据切片-原始MCAP】: {color:#0000ff}[下载MCAP文件|https://cloud.evad.mioffice.cn/data/production-manage/event-list?event_id=1621188960&server=TJV1]{color}
【问题数据回放-MivizStudio】: {color:#0000ff}[Miviz Studio 在线可视化|https://prod-event-manage.evad.xiaomi.com/openapi/api/prod_event_web/v1/jira/redirect_studio?event_id=1621188960]{color}
【问题数据回放-SimView】: {color:#0000ff}[SimView可视化|https://prod-event-manage.evad.xiaomi.com/openapi/api/prod_event_web/v1/jira/redirect_simview?event_id=1621188960]{color}
【问题数据回放-SimView2Mp4】: 
【版本信息】: {color:#000000}manifest_mipilot_mbf_debug_28990_20241016_12_30_43.txt{color}
【场景标签】: 
【问题标签】: 
【根因标签】: 
【问题描述】: 
【日志链接】: {color:#0000ff}[日志文件|https://prod-event-manage.evad.xiaomi.com/openapi/api/prod_event_web/v1/event/download?event_id=1621188960&download_type=5]{color}
【Jenkins链接】: {color:#0000ff}[Jenkins链接|https://jenkins.evad.mioffice.cn/blue/organizations/jenkins/mipilot_mbf_debug/detail/mipilot_mbf_debug/28990/pipeline]{color}
【Event ID】: {color:#0000ff}[1621188960|https://cloud.evad.mioffice.cn/data/production-manage/event-list?event_id=1621188960&server=TJV1]{color}
【工作流】: {color:#0000ff}[查看工作流|https://cloud.evad.mioffice.cn/data/production-manage/event-list/workflow-detail?event_id=1621188960&server=TJV1]{color}
【车辆位置】: 
【城市】: 
【车辆状态】: 
【auto_tags标签】: 
【感知数据融合】: 
【AEB感知AutoTriage结果】: 
【AutoTriageMetrics下载链接】:

测试人员：关宏亮

测试数据表：[‍‌‍‌⁣​‬​​⁡⁤‌‬‍​​⁤‌​‌⁢⁤​​‬​‍‍⁢⁣⁢​‬‌‌⁢⁤⁡​‍‍​⁣⁣​RPA_RC12合入前验证泛化记录表_低配 - 飞书云文档 (mioffice.cn)|https://xiaomi.f.mioffice.cn/sheets/shtk443KusrRZrAf4zHc6xf47hb?sheet=juBfS6]

SR：release-1.7.42.2-sr_topic_720

DCD：S000001010FFF

手机型号：{*}小米14pro{*}

APP版本：{*}2024/9/12 22:00{*}

数据：
拨杆/一键回传：12:01:37
2024-10-17_12-00-29
video_10
video_10.1
!image-2024-10-17-14-28-14-985.png!",,ad-inf-data,,,,,,,,,,,,"2024/10/17 14:28;p-xuhuiling;image-2024-10-17-14-28-14-985.png;https://viim.ev.mi.com/secure/attachment/1945684/image-2024-10-17-14-28-14-985.png",,,,,2031/01/01 00:00,2024/10/17 14:26,2024/10/17 14:26,,BSP,,,,,,,To Do,,,,,,,"1、域名：
2、匹配规则：例如： /api/开头的请求
3、新增 或 删除规则：例如：新增
4、后端服务job名或英文简称：例如：mifi-pt-api
5、后端服务地址： 例如：c3-miui-fi-app02.bj:9582, c3-miui-fi-app03.bj:9582",,,,,,,,,,,泊车其他,,,,,,"0|i6vwy0:",,,,,,Hive,,,Empty(默认值),,,,,,,未分类,,,研发测试 Development Test,2024/10/17 14:26,MS11-4,,2024/10/17 14:26,,,,K65_CN,"1、访问域名或url：例如：staging.mifi.pt.xiaomi.com

2、访问方：例如：贷款超市合作方马上金融测试环境

3、源IP：","需求背景：
1、背景描述（或当前存在问题）：
2、落地项目平台（内部代号）

详细描述：
1、UI菜单位置：
2、多语言翻译（支持多少种）：
3、详细描述（需要考虑默认焦点）：
4、异常情况处理：

UX/UE链接：",,"内容：
下线原因：
需要下线的机器/job：",2024/10/17 14:26,2024/10/17 14:26,C,,,,,2024/10/17 12:00,NONE,NONE,NONE,,,2024/10/17 14:26,,,一供,,,,,,,,,,,,NONE,NONE,,,NONE,NONE,"1、描述域名业务用途：例如：***业务
2、意向域名：***.xiaomi.srv
3、提供后端机器名或job名：
4、提供开发端口：
5、是否同时注册其他后缀域名：
6、其他特殊要求：
","1、机器名：

2、访问外网原因：",,,,,NONE,NONE,NONE,,NONE,,,,,商务合作,,普通变更,2024/10/17 14:26,,"1、域名：

2、下线原因：例如：业务不再使用","1、描述域名业务用途：例如：***平台 或 ***api接口域名
2、域名使用方或调用方：例如：金融app客户端 或 金服研发人员
3、意向域名：   例如：api.mifi.pt.xiaomi.com
4、服务环境： 【staging】或【线上】或【preview】
5、访问范围：【公网】或【内网】
6、后端服务job名或英文简称：例如：mifi-pt-api
7、后端服务地址： 例如：c3-miui-fi-app02.bj:9582, c3-miui-fi-app03.bj:9582
8、如需多条转发规则，请在此说明清楚：例如：/api/ 开头的请求转发至mifi-pt-api，其余请求转发至nginx机器本地/home/work/bin/mifi-api-web-static/webapp/
9、其他特殊要求： 例如：超时时间设置为3分钟；支持websocket连接等","1.意向域名
2.是否同时注册其他后缀域名（例如：.net/.cn等，如有，请列举后缀）
3.以哪个公司开发票（米科？米移？等等；财务原则：与业务的财务归属保持一致，详询财务总账组）
4.费用分摊到哪个部门（基本与业务需求方的部门保持一致，详询BIMI团队）
5.是否需要保密，如是的话，域名则以个人名义注册
6.是否需要备案，如是请联系运维部王熙茜（wangxiqian@xiaomi.com)抄送sa-sys@xiaomi.com
7.是否需要纳入公司运维部域名管理系统维护（非IT职能部门的域名必须纳入），如是，请在域名申请后，发送邮件至运维部系统组sa-sys@xiaomi.com
8.是否有核准的商标在，如果需要申请新的商标名称请联系知识产权部付明月（fumingyue@xiaomi.com)
9.其他特殊要求","【问题描述】:
【产生时间】:
【具体原因】:
【影响范围】:(描述影响的请求数，用户量)
【临时解决方案】:(根本解决方案较复杂，短期难以实现情况下的临时解决方法)
【临时解决时间】:
【根本解决方案】:
【最终解决时间】:
【关健日志】: （描述问题的日志或记录）",,,,Others,,,,null,,NONE,24RC12-E4U3,,2024/10/17 14:26,,NONE,,2024/10/17 00:00,可用性,,否,,"测试项目:
测试方法:
ROM:
apk版本:
apk链接:
测试模块:
测试机型:",,代码bug,,,,,"<数据类型1>	<保留时间>
<数据类型2>	<保留时间>
<数据类型3>	<保留时间>

如果没有，填写不适用",N/A,,,否,,"输出的第三方公司名称	
输出的理由	
输出的数据类型（请上传数据字典）	
是否签署合同（提供数据保护附录( DPA）模板两种供下载：委托处理和数据共享两类，上传与对方协商确认后的DPA条款）	
监控第三方公司的技术措施（请描述，如抓包、限制权限）	
提供输出第三方的合法性证明（请提交隐私政策中相关描述或弹窗、提示样例等附隐私政策描述或弹窗提示）	
传输方式（请填写传输方式，如接口传输，数据导出等）	
	接口传输（请备注传输协议，数据加密方式）
	数据导出（请备注使用人员姓名）","1. 是否存在传输回大陆地区
  <是/否/不适用>
2. 是否存在其他国家间跨境数据传输
  <是/否>","如果有填写
1. 调用数据所属部门：
   <所属部门>
2. 调用数据所属业务系统：
   <业务系统>
3. 调用的数据表	
    3.1   云平台-数据工厂	<如果有 调用表的地址>
    3.2  云平台-MySQL	<如果有 调用表的地址>
     3.3 其它	<调用表的地址 调用的数据字典>",,"如存在匿名收集，请展开如下项填写			
字段名	字段类型	      字段注释	用途	匿名方式
<字段1 >  <字段类型1> <字段注释1> <用途1>  <匿名方式，如小米统计匿名方式>
<字段2 >  <字段类型2> <字段注释2> <用途2>  <匿名方式，如小米统计匿名方式>  


注：匿名收集是指用任何方式无法对应到一个用户或者一台设备，比如加密时增加了随机参数				",如果有请描述使用的数据类型和使用方式：,否,无,误报,适配已完成,否,"1、重装原因说明：

2、目标机器：

3、目标操作系统版本：

4、可操作时间：例如：随时 或 线下沟通约定",,,2024/10/17 14:26,2024/10/17 14:26,2024/10/17 14:26,,,,,,,,,ADD2 Vdebug_28990,PT车辆,,,,,yutingting9,,,E4U3,,,,"机器名(job/IP)：
安装路径：/usr/local/bin/ (默认)
安装包名：
安装命令：",,"请描述经过用户同意的方式：
1. 是否使用统一隐私政策，文本请参考https://www.mi.com/about/privacy/
   <是/否>
2. 使用独立隐私政策
   <是/否>
   <如果是独立政策，在这里填写独立隐私政策的链接地址, 如http://zzz.mi.com/zzzz >
   <如果是独立政策，这里填写 请附弹窗或提示的文案及产品样式图 的访问链接>
3. 服务器是否记录用户点击同意
   <是/否>
4. 隐私政策是否提供所有销售国家语种的版本
    <是/否>
5. 隐私政策在APP或系统设置的法律条款中可查看
    <是/否>
    <交互截图链接，或者附件名称>
6. 是否收集敏感数据，在弹窗中明示说明收集SPII
    <是/否>
    <如果是 这里填写 弹窗的文案及样式>
7. 在收集、披露或以其他方式使用儿童（注各国标准不同）个人信息之前，是否从父母或其他对儿童负有法律责任人处获得同意？ 
    <是/否>",否,"• 是	
	接入小米账号统一提供接口，请在附件提供前端UI截图
	    App中存在撤回同意入口（Withdraw Consent）
	收到用户要求可后台支持撤回同意
• 否	
	无海外版
        未完成","1、sftp环境或域名或IP：如 staging环境sftp  或 stagingsftp.pay.mipay.com  或 58.83.177.88:2222

2、使用场景： 例如： 上传下载影像文件、授权书、调额结果等文件

3、使用方：例如：贷款超市合作方马上金融

4、账号名： 例如:  lm_mashang

5、目录及权限： 例如：
/mi
mifi-loan-lm，RW
sftp-admin, RW
lm_mashang，R

/partner
mifi-loan-lm，RW
sftp-admin, RW
lm_mashang，RW

6、合作机构出口IP（通过公网访问时需要）：

7、数据保存时间：例如：1个月","1、机型套餐参考 ：http://xbudget.pt.xiaomi.com/

2、详细说明机器申请理由：

3、服务器配置(内存，CPU，磁盘，操作系统)：

4、套餐类型:",MI1.0,NONE,是,E4U3,,N/A,NONE,,,"1、背景及原因

2、源IP、源端口、网络协议、目的IP、目的端口：",,,,,,,,,,,生态链公司,0.0,,,,,,,MS11-5-800V,,,"1、机器：

2、服务：例如lcs-agent

3、如非标准服务，请提供下载和安装步骤说明。",软件问题,,,N/A,NONE,,jira-miliao-project,,,,,"此处填写部署步骤：
【1】order模块部署（示例）
git：git@v9.git.n.xiaomi.com:mijia-server/order.git
branch：dev
st job：job.order_service.order_servicegroup.shop_cluster.staging
",国内版,,,,,,待定,概率性偶发,,,2024/10/17 14:26,,,,,,,,待定,,0.0,,待定,,NONE,NONE,NONE,,,2024/10/17 14:26,2024/10/17 14:26,,NONE,,,2024/10/17 14:26,,,,,"Verification Version:

Verification Result:",请研发同事添加高通\MTK case ID,
【RPA泊出-武汉】泊出过程中顿挫3次，体验感不佳,AD-288454,1451315,故障,初步分析,AD,自动驾驶 面向量产 问题,software,zhaohongyi,,,次要,,dongjianhao,p-xuhuiling,ad-inf-data,2024/10/15 16:55,2024/12/20 15:49,2024/12/23 17:58,,泊车,2024/10/29 00:00,0,RPA泊出,顿挫感明显,,,"【测试车辆】: {color:#000000}adr::car:prod:MS11-4:LVEQXJFYWLJPSAWH7{color}
【Event Key】: {color:#000000}EVENT_KEY_TRIGGER_RPA_PARKING_EXCEPTION{color}
【Extension Key】: {color:#000000}RpaParkingOutException{color}
【车辆编号】: {color:#000000}MT089{color}
【测试时间】: {color:#000000}2024-10-15 16:29:56~2024-10-15 16:30:38{color}
【原始数据切片-原始MCAP】: {color:#0000ff}[下载MCAP文件|https://cloud.evad.mioffice.cn/data/production-manage/event-list?event_id=1603572723&server=TJV1]{color}
【问题数据回放-MivizStudio】: {color:#0000ff}[Miviz Studio 在线可视化|https://prod-event-manage.evad.xiaomi.com/openapi/api/prod_event_web/v1/jira/redirect_studio?event_id=1603572723]{color}
【问题数据回放-SimView】: {color:#0000ff}[SimView可视化|https://prod-event-manage.evad.xiaomi.com/openapi/api/prod_event_web/v1/jira/redirect_simview?event_id=1603572723]{color}
【问题数据回放-SimView2Mp4】: 
【版本信息】: {color:#000000}manifest_mipilot_mbf_debug_28312_20241011_16_43_50.txt{color}
【场景标签】: 
【问题标签】: 
【根因标签】: 
【问题描述】: 
【日志链接】: {color:#0000ff}[日志文件|https://prod-event-manage.evad.xiaomi.com/openapi/api/prod_event_web/v1/event/download?event_id=1603572723&download_type=5]{color}
【Jenkins链接】: {color:#0000ff}[Jenkins链接|https://jenkins.evad.mioffice.cn/blue/organizations/jenkins/mipilot_mbf_debug/detail/mipilot_mbf_debug/28312/pipeline]{color}
【Event ID】: {color:#0000ff}[1603572723|https://cloud.evad.mioffice.cn/data/production-manage/event-list?event_id=1603572723&server=TJV1]{color}
【工作流】: {color:#0000ff}[查看工作流|https://cloud.evad.mioffice.cn/data/production-manage/event-list/workflow-detail?event_id=1603572723&server=TJV1]{color}
【车辆位置】: 
【城市】: 
【车辆状态】: 
【auto_tags标签】: 
【感知数据融合】: 
【AEB感知AutoTriage结果】: 
【AutoTriageMetrics下载链接】:

车辆编号：MT089

日期：2024/10/15

测试人员：关宏亮

测试数据表：[‍​⁤⁤‌⁤​⁡‍⁤​‬⁢​‬​​⁣‍⁤⁤⁡‍⁢⁢‬​​‍‍⁢⁢​⁡⁡​⁣‍‌‬‌⁢⁢‌⁡​|https://xiaomi.f.mioffice.cn/sheets/shtk4W98RWGG7R1Krl9vhYo1p7g?sheet=VTWqtQ] [‍​⁤⁤‌⁤​⁡‍⁤​‬⁢​‬​​⁣‍⁤⁤⁡‍⁢⁢‬​​‍‍⁢⁢​⁡⁡​⁣‍‌‬‌⁢⁢‌⁡​‬⁤|https://xiaomi.f.mioffice.cn/sheets/shtk4W98RWGG7R1Krl9vhYo1p7g?sheet=vTRqF5] [‍​⁤⁤‌⁤​⁡‍⁤​‬⁢​‬​​⁣‍⁤⁤⁡‍⁢⁢‬​​‍‍⁢⁢​⁡⁡​⁣‍‌‬‌⁢⁢‌⁡​‬⁤|https://xiaomi.f.mioffice.cn/sheets/shtk4W98RWGG7R1Krl9vhYo1p7g?sheet=bvm83R] [‍​⁤⁤‌⁤​⁡‍⁤​‬⁢​‬​​⁣‍⁤⁤⁡‍⁢⁢‬​​‍‍⁢⁢​⁡⁡​⁣‍‌‬‌⁢⁢‌⁡​‬⁤APA泊出对标测试_MS11 - 飞书云文档 (mioffice.cn)|https://xiaomi.f.mioffice.cn/sheets/shtk4W98RWGG7R1Krl9vhYo1p7g?sheet=BTb2I6]

SR：1.7.41.6-sr_debug_1228

DCD：S000001010FFF

手机型号：{*}小米14Pro{*}

APP版本：{*}2024/9/12 22:00{*}

数据
16:30:50
2024-10-15_16-29-43
video_16
video_16.1",,ad-inf-data,,,,,,,,,,,,,,,,,2031/01/01 00:00,2024/10/15 16:55,2024/10/15 16:55,,BSP,,,,,,,To Do,,,,,,,"1、域名：
2、匹配规则：例如： /api/开头的请求
3、新增 或 删除规则：例如：新增
4、后端服务job名或英文简称：例如：mifi-pt-api
5、后端服务地址： 例如：c3-miui-fi-app02.bj:9582, c3-miui-fi-app03.bj:9582",,,,,,,,,,,泊车其他,,,,,,"0|i6thc0:",,,,,,Hive,,,Empty(默认值),,,,,,,未分类,,,研发测试 Development Test,2024/10/15 16:55,MS11-4,,2024/10/15 16:55,,,,K65_CN,"1、访问域名或url：例如：staging.mifi.pt.xiaomi.com

2、访问方：例如：贷款超市合作方马上金融测试环境

3、源IP：","需求背景：
1、背景描述（或当前存在问题）：
2、落地项目平台（内部代号）

详细描述：
1、UI菜单位置：
2、多语言翻译（支持多少种）：
3、详细描述（需要考虑默认焦点）：
4、异常情况处理：

UX/UE链接：",,"内容：
下线原因：
需要下线的机器/job：",2024/10/15 16:55,2024/10/15 16:55,C,,,,,2024/10/15 16:30,NONE,NONE,NONE,,,2024/10/15 16:55,,,一供,,,,,,,,,,,,NONE,NONE,,,NONE,NONE,"1、描述域名业务用途：例如：***业务
2、意向域名：***.xiaomi.srv
3、提供后端机器名或job名：
4、提供开发端口：
5、是否同时注册其他后缀域名：
6、其他特殊要求：
","1、机器名：

2、访问外网原因：",,,,,NONE,NONE,NONE,,NONE,,,,,商务合作,,普通变更,2024/10/15 16:55,,"1、域名：

2、下线原因：例如：业务不再使用","1、描述域名业务用途：例如：***平台 或 ***api接口域名
2、域名使用方或调用方：例如：金融app客户端 或 金服研发人员
3、意向域名：   例如：api.mifi.pt.xiaomi.com
4、服务环境： 【staging】或【线上】或【preview】
5、访问范围：【公网】或【内网】
6、后端服务job名或英文简称：例如：mifi-pt-api
7、后端服务地址： 例如：c3-miui-fi-app02.bj:9582, c3-miui-fi-app03.bj:9582
8、如需多条转发规则，请在此说明清楚：例如：/api/ 开头的请求转发至mifi-pt-api，其余请求转发至nginx机器本地/home/work/bin/mifi-api-web-static/webapp/
9、其他特殊要求： 例如：超时时间设置为3分钟；支持websocket连接等","1.意向域名
2.是否同时注册其他后缀域名（例如：.net/.cn等，如有，请列举后缀）
3.以哪个公司开发票（米科？米移？等等；财务原则：与业务的财务归属保持一致，详询财务总账组）
4.费用分摊到哪个部门（基本与业务需求方的部门保持一致，详询BIMI团队）
5.是否需要保密，如是的话，域名则以个人名义注册
6.是否需要备案，如是请联系运维部王熙茜（wangxiqian@xiaomi.com)抄送sa-sys@xiaomi.com
7.是否需要纳入公司运维部域名管理系统维护（非IT职能部门的域名必须纳入），如是，请在域名申请后，发送邮件至运维部系统组sa-sys@xiaomi.com
8.是否有核准的商标在，如果需要申请新的商标名称请联系知识产权部付明月（fumingyue@xiaomi.com)
9.其他特殊要求","【问题描述】:
【产生时间】:
【具体原因】:
【影响范围】:(描述影响的请求数，用户量)
【临时解决方案】:(根本解决方案较复杂，短期难以实现情况下的临时解决方法)
【临时解决时间】:
【根本解决方案】:
【最终解决时间】:
【关健日志】: （描述问题的日志或记录）",,,,Others,,,,null,,NONE,24RC10-E4U3,,2024/10/15 16:55,,NONE,,2024/10/15 00:00,可用性,,否,,"测试项目:
测试方法:
ROM:
apk版本:
apk链接:
测试模块:
测试机型:",,代码bug,,,,,"<数据类型1>	<保留时间>
<数据类型2>	<保留时间>
<数据类型3>	<保留时间>

如果没有，填写不适用",N/A,,,否,,"输出的第三方公司名称	
输出的理由	
输出的数据类型（请上传数据字典）	
是否签署合同（提供数据保护附录( DPA）模板两种供下载：委托处理和数据共享两类，上传与对方协商确认后的DPA条款）	
监控第三方公司的技术措施（请描述，如抓包、限制权限）	
提供输出第三方的合法性证明（请提交隐私政策中相关描述或弹窗、提示样例等附隐私政策描述或弹窗提示）	
传输方式（请填写传输方式，如接口传输，数据导出等）	
	接口传输（请备注传输协议，数据加密方式）
	数据导出（请备注使用人员姓名）","1. 是否存在传输回大陆地区
  <是/否/不适用>
2. 是否存在其他国家间跨境数据传输
  <是/否>","如果有填写
1. 调用数据所属部门：
   <所属部门>
2. 调用数据所属业务系统：
   <业务系统>
3. 调用的数据表	
    3.1   云平台-数据工厂	<如果有 调用表的地址>
    3.2  云平台-MySQL	<如果有 调用表的地址>
     3.3 其它	<调用表的地址 调用的数据字典>",,"如存在匿名收集，请展开如下项填写			
字段名	字段类型	      字段注释	用途	匿名方式
<字段1 >  <字段类型1> <字段注释1> <用途1>  <匿名方式，如小米统计匿名方式>
<字段2 >  <字段类型2> <字段注释2> <用途2>  <匿名方式，如小米统计匿名方式>  


注：匿名收集是指用任何方式无法对应到一个用户或者一台设备，比如加密时增加了随机参数				",如果有请描述使用的数据类型和使用方式：,否,无,误报,适配已完成,否,"1、重装原因说明：

2、目标机器：

3、目标操作系统版本：

4、可操作时间：例如：随时 或 线下沟通约定",,,2024/10/15 16:55,2024/10/15 16:55,2024/10/15 16:55,,,,,,,,,ADD2 Vdebug-28312,PT车辆,,,,,jiangfuwei,,,E4U3,,,,"机器名(job/IP)：
安装路径：/usr/local/bin/ (默认)
安装包名：
安装命令：",,"请描述经过用户同意的方式：
1. 是否使用统一隐私政策，文本请参考https://www.mi.com/about/privacy/
   <是/否>
2. 使用独立隐私政策
   <是/否>
   <如果是独立政策，在这里填写独立隐私政策的链接地址, 如http://zzz.mi.com/zzzz >
   <如果是独立政策，这里填写 请附弹窗或提示的文案及产品样式图 的访问链接>
3. 服务器是否记录用户点击同意
   <是/否>
4. 隐私政策是否提供所有销售国家语种的版本
    <是/否>
5. 隐私政策在APP或系统设置的法律条款中可查看
    <是/否>
    <交互截图链接，或者附件名称>
6. 是否收集敏感数据，在弹窗中明示说明收集SPII
    <是/否>
    <如果是 这里填写 弹窗的文案及样式>
7. 在收集、披露或以其他方式使用儿童（注各国标准不同）个人信息之前，是否从父母或其他对儿童负有法律责任人处获得同意？ 
    <是/否>",否,"• 是	
	接入小米账号统一提供接口，请在附件提供前端UI截图
	    App中存在撤回同意入口（Withdraw Consent）
	收到用户要求可后台支持撤回同意
• 否	
	无海外版
        未完成","1、sftp环境或域名或IP：如 staging环境sftp  或 stagingsftp.pay.mipay.com  或 58.83.177.88:2222

2、使用场景： 例如： 上传下载影像文件、授权书、调额结果等文件

3、使用方：例如：贷款超市合作方马上金融

4、账号名： 例如:  lm_mashang

5、目录及权限： 例如：
/mi
mifi-loan-lm，RW
sftp-admin, RW
lm_mashang，R

/partner
mifi-loan-lm，RW
sftp-admin, RW
lm_mashang，RW

6、合作机构出口IP（通过公网访问时需要）：

7、数据保存时间：例如：1个月","1、机型套餐参考 ：http://xbudget.pt.xiaomi.com/

2、详细说明机器申请理由：

3、服务器配置(内存，CPU，磁盘，操作系统)：

4、套餐类型:",MI1.0,NONE,是,E4U3,,N/A,NONE,,,"1、背景及原因

2、源IP、源端口、网络协议、目的IP、目的端口：",,,,,,,,,,,生态链公司,0.0,,,,,,,MS11-5-800V,,,"1、机器：

2、服务：例如lcs-agent

3、如非标准服务，请提供下载和安装步骤说明。",软件问题,,,N/A,NONE,,jira-miliao-project,,,,,"此处填写部署步骤：
【1】order模块部署（示例）
git：git@v9.git.n.xiaomi.com:mijia-server/order.git
branch：dev
st job：job.order_service.order_servicegroup.shop_cluster.staging
",国内版,,,,,,待定,概率性偶发,,,2024/10/15 16:55,,,,,,,,待定,,0.0,,待定,,NONE,NONE,NONE,,,2024/10/15 16:55,2024/10/15 16:55,,NONE,,,2024/10/15 16:55,,,,,"Verification Version:

Verification Result:",请研发同事添加高通\MTK case ID,
【RPA泊出-武汉】冷启动泊出，泊出过程中自车顿挫两次体感不佳,AD-288342,1450614,故障,初步分析,AD,自动驾驶 面向量产 问题,software,zhaohongyi,,,次要,,dongjianhao,p-xuhuiling,ad-inf-data,2024/10/15 16:00,2024/12/20 15:49,2024/12/23 17:58,,泊车,2024/10/29 00:00,0,RPA,RPA泊出,顿挫感明显,,"【测试车辆】: {color:#000000}adr::car:prod:MS11-4:LVEQXJFYWLJPSAWH7{color}
【Event Key】: {color:#000000}EVENT_KEY_TRIGGER_RPA_PARKING_EXCEPTION{color}
【Extension Key】: {color:#000000}RpaParkingOutException{color}
【车辆编号】: {color:#000000}MT089{color}
【测试时间】: {color:#000000}2024-10-15 10:01:19~2024-10-15 10:01:59{color}
【原始数据切片-原始MCAP】: {color:#0000ff}[下载MCAP文件|https://cloud.evad.mioffice.cn/data/production-manage/event-list?event_id=1600650893&server=TJV1]{color}
【问题数据回放-MivizStudio】: {color:#0000ff}[Miviz Studio 在线可视化|https://prod-event-manage.evad.xiaomi.com/openapi/api/prod_event_web/v1/jira/redirect_studio?event_id=1600650893]{color}
【问题数据回放-SimView】: {color:#0000ff}[SimView可视化|https://prod-event-manage.evad.xiaomi.com/openapi/api/prod_event_web/v1/jira/redirect_simview?event_id=1600650893]{color}
【问题数据回放-SimView2Mp4】: 
【版本信息】: {color:#000000}manifest_mipilot_mbf_debug_28312_20241011_16_43_50.txt{color}
【场景标签】: 
【问题标签】: 
【根因标签】: 
【问题描述】: 
【日志链接】: {color:#0000ff}[日志文件|https://prod-event-manage.evad.xiaomi.com/openapi/api/prod_event_web/v1/event/download?event_id=1600650893&download_type=5]{color}
【Jenkins链接】: {color:#0000ff}[Jenkins链接|https://jenkins.evad.mioffice.cn/blue/organizations/jenkins/mipilot_mbf_debug/detail/mipilot_mbf_debug/28312/pipeline]{color}
【Event ID】: {color:#0000ff}[1600650893|https://cloud.evad.mioffice.cn/data/production-manage/event-list?event_id=1600650893&server=TJV1]{color}
【工作流】: {color:#0000ff}[查看工作流|https://cloud.evad.mioffice.cn/data/production-manage/event-list/workflow-detail?event_id=1600650893&server=TJV1]{color}
【车辆位置】: 
【城市】: 
【车辆状态】: 
【auto_tags标签】: 
【感知数据融合】: 
【AEB感知AutoTriage结果】: 
【AutoTriageMetrics下载链接】:

车辆编号：MT089

日期：2024/10/15

测试人员：关宏亮

测试数据表：[‍​⁤⁤‌⁤​⁡‍⁤​‬⁢​‬​​⁣‍⁤⁤⁡‍⁢⁢‬​​‍‍⁢⁢​⁡⁡​⁣‍‌‬‌⁢⁢‌⁡​‬⁤APA泊出对标测试_MS11 - 飞书云文档 (mioffice.cn)|https://xiaomi.f.mioffice.cn/sheets/shtk4W98RWGG7R1Krl9vhYo1p7g?sheet=BTb2I6]

SR：1.7.41.6-sr_debug_1228

DCD：S000001010FFF

手机型号：{*}小米14Pro{*}

APP版本：{*}2024/9/12 22:00{*}

数据
10:02:10
2024-10-15_10-01-12
video_1
video_ 1.1
截图 !image-2024-10-15-16-02-49-133.png!",,ad-inf-data,,,,,,,,,,,,"2024/10/15 16:02;p-xuhuiling;image-2024-10-15-16-02-49-133.png;https://viim.ev.mi.com/secure/attachment/1927510/image-2024-10-15-16-02-49-133.png",,,,,2031/01/01 00:00,2024/10/15 16:00,2024/10/15 16:00,,BSP,,,,,,,To Do,,,,,,,"1、域名：
2、匹配规则：例如： /api/开头的请求
3、新增 或 删除规则：例如：新增
4、后端服务job名或英文简称：例如：mifi-pt-api
5、后端服务地址： 例如：c3-miui-fi-app02.bj:9582, c3-miui-fi-app03.bj:9582",,,,,,,,,,,泊车其他,,,,,,"0|i6td8o:",,,,,,Hive,,,Empty(默认值),,,,,,,未分类,,,研发测试 Development Test,2024/10/15 16:00,MS11-4,,2024/10/15 16:00,,,,K65_CN,"1、访问域名或url：例如：staging.mifi.pt.xiaomi.com

2、访问方：例如：贷款超市合作方马上金融测试环境

3、源IP：","需求背景：
1、背景描述（或当前存在问题）：
2、落地项目平台（内部代号）

详细描述：
1、UI菜单位置：
2、多语言翻译（支持多少种）：
3、详细描述（需要考虑默认焦点）：
4、异常情况处理：

UX/UE链接：",,"内容：
下线原因：
需要下线的机器/job：",2024/10/15 16:00,2024/10/15 16:00,C,,,,,2024/10/15 10:01,NONE,NONE,NONE,,,2024/10/15 16:00,,,一供,,,,,,,,,,,,NONE,NONE,,,NONE,NONE,"1、描述域名业务用途：例如：***业务
2、意向域名：***.xiaomi.srv
3、提供后端机器名或job名：
4、提供开发端口：
5、是否同时注册其他后缀域名：
6、其他特殊要求：
","1、机器名：

2、访问外网原因：",,,,,NONE,NONE,NONE,,NONE,,,,,商务合作,,普通变更,2024/10/15 16:00,,"1、域名：

2、下线原因：例如：业务不再使用","1、描述域名业务用途：例如：***平台 或 ***api接口域名
2、域名使用方或调用方：例如：金融app客户端 或 金服研发人员
3、意向域名：   例如：api.mifi.pt.xiaomi.com
4、服务环境： 【staging】或【线上】或【preview】
5、访问范围：【公网】或【内网】
6、后端服务job名或英文简称：例如：mifi-pt-api
7、后端服务地址： 例如：c3-miui-fi-app02.bj:9582, c3-miui-fi-app03.bj:9582
8、如需多条转发规则，请在此说明清楚：例如：/api/ 开头的请求转发至mifi-pt-api，其余请求转发至nginx机器本地/home/work/bin/mifi-api-web-static/webapp/
9、其他特殊要求： 例如：超时时间设置为3分钟；支持websocket连接等","1.意向域名
2.是否同时注册其他后缀域名（例如：.net/.cn等，如有，请列举后缀）
3.以哪个公司开发票（米科？米移？等等；财务原则：与业务的财务归属保持一致，详询财务总账组）
4.费用分摊到哪个部门（基本与业务需求方的部门保持一致，详询BIMI团队）
5.是否需要保密，如是的话，域名则以个人名义注册
6.是否需要备案，如是请联系运维部王熙茜（wangxiqian@xiaomi.com)抄送sa-sys@xiaomi.com
7.是否需要纳入公司运维部域名管理系统维护（非IT职能部门的域名必须纳入），如是，请在域名申请后，发送邮件至运维部系统组sa-sys@xiaomi.com
8.是否有核准的商标在，如果需要申请新的商标名称请联系知识产权部付明月（fumingyue@xiaomi.com)
9.其他特殊要求","【问题描述】:
【产生时间】:
【具体原因】:
【影响范围】:(描述影响的请求数，用户量)
【临时解决方案】:(根本解决方案较复杂，短期难以实现情况下的临时解决方法)
【临时解决时间】:
【根本解决方案】:
【最终解决时间】:
【关健日志】: （描述问题的日志或记录）",,,,Others,,,,null,,NONE,24RC10-E4U3,,2024/10/15 16:00,,NONE,,2024/10/15 00:00,可用性,,否,,"测试项目:
测试方法:
ROM:
apk版本:
apk链接:
测试模块:
测试机型:",,代码bug,,,,,"<数据类型1>	<保留时间>
<数据类型2>	<保留时间>
<数据类型3>	<保留时间>

如果没有，填写不适用",N/A,,,否,,"输出的第三方公司名称	
输出的理由	
输出的数据类型（请上传数据字典）	
是否签署合同（提供数据保护附录( DPA）模板两种供下载：委托处理和数据共享两类，上传与对方协商确认后的DPA条款）	
监控第三方公司的技术措施（请描述，如抓包、限制权限）	
提供输出第三方的合法性证明（请提交隐私政策中相关描述或弹窗、提示样例等附隐私政策描述或弹窗提示）	
传输方式（请填写传输方式，如接口传输，数据导出等）	
	接口传输（请备注传输协议，数据加密方式）
	数据导出（请备注使用人员姓名）","1. 是否存在传输回大陆地区
  <是/否/不适用>
2. 是否存在其他国家间跨境数据传输
  <是/否>","如果有填写
1. 调用数据所属部门：
   <所属部门>
2. 调用数据所属业务系统：
   <业务系统>
3. 调用的数据表	
    3.1   云平台-数据工厂	<如果有 调用表的地址>
    3.2  云平台-MySQL	<如果有 调用表的地址>
     3.3 其它	<调用表的地址 调用的数据字典>",,"如存在匿名收集，请展开如下项填写			
字段名	字段类型	      字段注释	用途	匿名方式
<字段1 >  <字段类型1> <字段注释1> <用途1>  <匿名方式，如小米统计匿名方式>
<字段2 >  <字段类型2> <字段注释2> <用途2>  <匿名方式，如小米统计匿名方式>  


注：匿名收集是指用任何方式无法对应到一个用户或者一台设备，比如加密时增加了随机参数				",如果有请描述使用的数据类型和使用方式：,否,无,误报,适配已完成,否,"1、重装原因说明：

2、目标机器：

3、目标操作系统版本：

4、可操作时间：例如：随时 或 线下沟通约定",,,2024/10/15 16:00,2024/10/15 16:00,2024/10/15 16:00,,,,,,,,,ADD2 Vdebug-28312,PT车辆,,,,,yutingting9,,,E4U3,,,,"机器名(job/IP)：
安装路径：/usr/local/bin/ (默认)
安装包名：
安装命令：",,"请描述经过用户同意的方式：
1. 是否使用统一隐私政策，文本请参考https://www.mi.com/about/privacy/
   <是/否>
2. 使用独立隐私政策
   <是/否>
   <如果是独立政策，在这里填写独立隐私政策的链接地址, 如http://zzz.mi.com/zzzz >
   <如果是独立政策，这里填写 请附弹窗或提示的文案及产品样式图 的访问链接>
3. 服务器是否记录用户点击同意
   <是/否>
4. 隐私政策是否提供所有销售国家语种的版本
    <是/否>
5. 隐私政策在APP或系统设置的法律条款中可查看
    <是/否>
    <交互截图链接，或者附件名称>
6. 是否收集敏感数据，在弹窗中明示说明收集SPII
    <是/否>
    <如果是 这里填写 弹窗的文案及样式>
7. 在收集、披露或以其他方式使用儿童（注各国标准不同）个人信息之前，是否从父母或其他对儿童负有法律责任人处获得同意？ 
    <是/否>",否,"• 是	
	接入小米账号统一提供接口，请在附件提供前端UI截图
	    App中存在撤回同意入口（Withdraw Consent）
	收到用户要求可后台支持撤回同意
• 否	
	无海外版
        未完成","1、sftp环境或域名或IP：如 staging环境sftp  或 stagingsftp.pay.mipay.com  或 58.83.177.88:2222

2、使用场景： 例如： 上传下载影像文件、授权书、调额结果等文件

3、使用方：例如：贷款超市合作方马上金融

4、账号名： 例如:  lm_mashang

5、目录及权限： 例如：
/mi
mifi-loan-lm，RW
sftp-admin, RW
lm_mashang，R

/partner
mifi-loan-lm，RW
sftp-admin, RW
lm_mashang，RW

6、合作机构出口IP（通过公网访问时需要）：

7、数据保存时间：例如：1个月","1、机型套餐参考 ：http://xbudget.pt.xiaomi.com/

2、详细说明机器申请理由：

3、服务器配置(内存，CPU，磁盘，操作系统)：

4、套餐类型:",MI1.0,NONE,是,E4U3,,N/A,NONE,,,"1、背景及原因

2、源IP、源端口、网络协议、目的IP、目的端口：",,,,,,,,,,,生态链公司,0.0,,,,,,,MS11-5-800V,,,"1、机器：

2、服务：例如lcs-agent

3、如非标准服务，请提供下载和安装步骤说明。",软件问题,,,N/A,NONE,,jira-miliao-project,,,,,"此处填写部署步骤：
【1】order模块部署（示例）
git：git@v9.git.n.xiaomi.com:mijia-server/order.git
branch：dev
st job：job.order_service.order_servicegroup.shop_cluster.staging
",国内版,,,,,,待定,概率性偶发,,,2024/10/15 16:00,,,,,,,,待定,,0.0,,待定,,NONE,NONE,NONE,,,2024/10/15 16:00,2024/10/15 16:00,,NONE,,,2024/10/15 16:00,,,,,"Verification Version:

Verification Result:",请研发同事添加高通\MTK case ID,
【RPA泊出-武汉】冷启动泊出，泊出时无故顿挫两次体验感不佳,AD-285835,1443776,故障,初步分析,AD,自动驾驶 面向量产 问题,software,zhaohongyi,,,次要,,dongjianhao,p-xuhuiling,ad-inf-data,2024/10/14 17:41,2024/12/20 17:15,2024/12/23 17:58,,泊车,2024/10/28 00:00,0,RPA,RPA泊出,顿挫感明显,无故顿挫,"【测试车辆】: {color:#000000}adr::car:prod:MS11-4:LVEQXJFYWLJPSAWH7{color}
【Event Key】: {color:#000000}EVENT_KEY_TRIGGER_RPA_PARKING_EXCEPTION{color}
【Extension Key】: {color:#000000}RpaParkingOutException{color}
【车辆编号】: {color:#000000}MT089{color}
【测试时间】: {color:#000000}2024-10-14 16:54:11~2024-10-14 16:54:52{color}
【原始数据切片-原始MCAP】: {color:#0000ff}[下载MCAP文件|https://cloud.evad.mioffice.cn/data/production-manage/event-list?event_id=1592845326&server=TJV1]{color}
【问题数据回放-MivizStudio】: {color:#0000ff}[Miviz Studio 在线可视化|https://prod-event-manage.evad.xiaomi.com/openapi/api/prod_event_web/v1/jira/redirect_studio?event_id=1592845326]{color}
【问题数据回放-SimView】: {color:#0000ff}[SimView可视化|https://prod-event-manage.evad.xiaomi.com/openapi/api/prod_event_web/v1/jira/redirect_simview?event_id=1592845326]{color}
【问题数据回放-SimView2Mp4】: 
【版本信息】: {color:#000000}manifest_mipilot_mbf_debug_28312_20241011_16_43_50.txt{color}
【场景标签】: 
【问题标签】: 
【根因标签】: 
【问题描述】: 
【日志链接】: {color:#0000ff}[日志文件|https://prod-event-manage.evad.xiaomi.com/openapi/api/prod_event_web/v1/event/download?event_id=1592845326&download_type=5]{color}
【Jenkins链接】: {color:#0000ff}[Jenkins链接|https://jenkins.evad.mioffice.cn/blue/organizations/jenkins/mipilot_mbf_debug/detail/mipilot_mbf_debug/28312/pipeline]{color}
【Event ID】: {color:#0000ff}[1592845326|https://cloud.evad.mioffice.cn/data/production-manage/event-list?event_id=1592845326&server=TJV1]{color}
【工作流】: {color:#0000ff}[查看工作流|https://cloud.evad.mioffice.cn/data/production-manage/event-list/workflow-detail?event_id=1592845326&server=TJV1]{color}
【车辆位置】: 
【城市】: 
【车辆状态】: 
【auto_tags标签】: 
【感知数据融合】: 
【AEB感知AutoTriage结果】: 
【AutoTriageMetrics下载链接】:

车辆编号：MT089

日期：2024/10/14

测试人员：关宏亮

测试数据表：[‍​⁤⁤‌⁤​⁡‍⁤​‬⁢​‬​​⁣‍⁤⁤⁡‍⁢⁢‬​​‍‍⁢⁢​⁡⁡​⁣‍‌‬‌⁢⁢‌⁡​|https://xiaomi.f.mioffice.cn/sheets/shtk4W98RWGG7R1Krl9vhYo1p7g?sheet=VTWqtQ] [‍​⁤⁤‌⁤​⁡‍⁤​‬⁢​‬​​⁣‍⁤⁤⁡‍⁢⁢‬​​‍‍⁢⁢​⁡⁡​⁣‍‌‬‌⁢⁢‌⁡​‬⁤APA泊出对标测试_MS11 - 飞书云文档 (mioffice.cn)|https://xiaomi.f.mioffice.cn/sheets/shtk4W98RWGG7R1Krl9vhYo1p7g?sheet=vTRqF5]

SR：1.7.41.6-sr_debug_1228

DCD：S000001010FFF

手机型号：{*}小米14Pro{*}

APP版本：{*}2024/9/12 22:00{*}

数据
16:55:12
2024-10-14_16-53-474
截图 !image-2024-10-14-17-42-20-346.png!",,ad-inf-data,,,,,,,,,,,,"2024/10/14 17:42;p-xuhuiling;image-2024-10-14-17-42-20-346.png;https://viim.ev.mi.com/secure/attachment/1919407/image-2024-10-14-17-42-20-346.png",,,,,2031/01/01 00:00,2024/10/14 17:41,2024/10/14 17:41,,BSP,,,,,,,To Do,,,,,,,"1、域名：
2、匹配规则：例如： /api/开头的请求
3、新增 或 删除规则：例如：新增
4、后端服务job名或英文简称：例如：mifi-pt-api
5、后端服务地址： 例如：c3-miui-fi-app02.bj:9582, c3-miui-fi-app03.bj:9582",,,,,,,,,,,泊车其他,,,,,,"0|i6s7jk:",,,,,,Hive,,,Empty(默认值),,,,,,,未分类,,,研发测试 Development Test,2024/10/14 17:41,MS11-4,,2024/10/14 17:41,,,,K65_CN,"1、访问域名或url：例如：staging.mifi.pt.xiaomi.com

2、访问方：例如：贷款超市合作方马上金融测试环境

3、源IP：","需求背景：
1、背景描述（或当前存在问题）：
2、落地项目平台（内部代号）

详细描述：
1、UI菜单位置：
2、多语言翻译（支持多少种）：
3、详细描述（需要考虑默认焦点）：
4、异常情况处理：

UX/UE链接：",,"内容：
下线原因：
需要下线的机器/job：",2024/10/14 17:41,2024/10/14 17:41,C,,,,,2024/10/14 16:54,NONE,NONE,NONE,,,2024/10/14 17:41,,,一供,,,,,,,,,,,,NONE,NONE,,,NONE,NONE,"1、描述域名业务用途：例如：***业务
2、意向域名：***.xiaomi.srv
3、提供后端机器名或job名：
4、提供开发端口：
5、是否同时注册其他后缀域名：
6、其他特殊要求：
","1、机器名：

2、访问外网原因：",,,,,NONE,NONE,NONE,,NONE,,,,,商务合作,,普通变更,2024/10/14 17:41,,"1、域名：

2、下线原因：例如：业务不再使用","1、描述域名业务用途：例如：***平台 或 ***api接口域名
2、域名使用方或调用方：例如：金融app客户端 或 金服研发人员
3、意向域名：   例如：api.mifi.pt.xiaomi.com
4、服务环境： 【staging】或【线上】或【preview】
5、访问范围：【公网】或【内网】
6、后端服务job名或英文简称：例如：mifi-pt-api
7、后端服务地址： 例如：c3-miui-fi-app02.bj:9582, c3-miui-fi-app03.bj:9582
8、如需多条转发规则，请在此说明清楚：例如：/api/ 开头的请求转发至mifi-pt-api，其余请求转发至nginx机器本地/home/work/bin/mifi-api-web-static/webapp/
9、其他特殊要求： 例如：超时时间设置为3分钟；支持websocket连接等","1.意向域名
2.是否同时注册其他后缀域名（例如：.net/.cn等，如有，请列举后缀）
3.以哪个公司开发票（米科？米移？等等；财务原则：与业务的财务归属保持一致，详询财务总账组）
4.费用分摊到哪个部门（基本与业务需求方的部门保持一致，详询BIMI团队）
5.是否需要保密，如是的话，域名则以个人名义注册
6.是否需要备案，如是请联系运维部王熙茜（wangxiqian@xiaomi.com)抄送sa-sys@xiaomi.com
7.是否需要纳入公司运维部域名管理系统维护（非IT职能部门的域名必须纳入），如是，请在域名申请后，发送邮件至运维部系统组sa-sys@xiaomi.com
8.是否有核准的商标在，如果需要申请新的商标名称请联系知识产权部付明月（fumingyue@xiaomi.com)
9.其他特殊要求","【问题描述】:
【产生时间】:
【具体原因】:
【影响范围】:(描述影响的请求数，用户量)
【临时解决方案】:(根本解决方案较复杂，短期难以实现情况下的临时解决方法)
【临时解决时间】:
【根本解决方案】:
【最终解决时间】:
【关健日志】: （描述问题的日志或记录）",,,,Others,,,,null,,NONE,24RC12-E4U3,,2024/10/14 17:41,,NONE,,2024/10/14 00:00,可用性,,否,,"测试项目:
测试方法:
ROM:
apk版本:
apk链接:
测试模块:
测试机型:",,代码bug,,,,,"<数据类型1>	<保留时间>
<数据类型2>	<保留时间>
<数据类型3>	<保留时间>

如果没有，填写不适用",N/A,,,否,,"输出的第三方公司名称	
输出的理由	
输出的数据类型（请上传数据字典）	
是否签署合同（提供数据保护附录( DPA）模板两种供下载：委托处理和数据共享两类，上传与对方协商确认后的DPA条款）	
监控第三方公司的技术措施（请描述，如抓包、限制权限）	
提供输出第三方的合法性证明（请提交隐私政策中相关描述或弹窗、提示样例等附隐私政策描述或弹窗提示）	
传输方式（请填写传输方式，如接口传输，数据导出等）	
	接口传输（请备注传输协议，数据加密方式）
	数据导出（请备注使用人员姓名）","1. 是否存在传输回大陆地区
  <是/否/不适用>
2. 是否存在其他国家间跨境数据传输
  <是/否>","如果有填写
1. 调用数据所属部门：
   <所属部门>
2. 调用数据所属业务系统：
   <业务系统>
3. 调用的数据表	
    3.1   云平台-数据工厂	<如果有 调用表的地址>
    3.2  云平台-MySQL	<如果有 调用表的地址>
     3.3 其它	<调用表的地址 调用的数据字典>",,"如存在匿名收集，请展开如下项填写			
字段名	字段类型	      字段注释	用途	匿名方式
<字段1 >  <字段类型1> <字段注释1> <用途1>  <匿名方式，如小米统计匿名方式>
<字段2 >  <字段类型2> <字段注释2> <用途2>  <匿名方式，如小米统计匿名方式>  


注：匿名收集是指用任何方式无法对应到一个用户或者一台设备，比如加密时增加了随机参数				",如果有请描述使用的数据类型和使用方式：,否,无,误报,适配已完成,否,"1、重装原因说明：

2、目标机器：

3、目标操作系统版本：

4、可操作时间：例如：随时 或 线下沟通约定",,,2024/10/14 17:41,2024/10/14 17:41,2024/10/14 17:41,,,,,,,,,ADD2 Vdebug-28312,PT车辆,,,,,yutingting9,,,E4U3,,,,"机器名(job/IP)：
安装路径：/usr/local/bin/ (默认)
安装包名：
安装命令：",,"请描述经过用户同意的方式：
1. 是否使用统一隐私政策，文本请参考https://www.mi.com/about/privacy/
   <是/否>
2. 使用独立隐私政策
   <是/否>
   <如果是独立政策，在这里填写独立隐私政策的链接地址, 如http://zzz.mi.com/zzzz >
   <如果是独立政策，这里填写 请附弹窗或提示的文案及产品样式图 的访问链接>
3. 服务器是否记录用户点击同意
   <是/否>
4. 隐私政策是否提供所有销售国家语种的版本
    <是/否>
5. 隐私政策在APP或系统设置的法律条款中可查看
    <是/否>
    <交互截图链接，或者附件名称>
6. 是否收集敏感数据，在弹窗中明示说明收集SPII
    <是/否>
    <如果是 这里填写 弹窗的文案及样式>
7. 在收集、披露或以其他方式使用儿童（注各国标准不同）个人信息之前，是否从父母或其他对儿童负有法律责任人处获得同意？ 
    <是/否>",否,"• 是	
	接入小米账号统一提供接口，请在附件提供前端UI截图
	    App中存在撤回同意入口（Withdraw Consent）
	收到用户要求可后台支持撤回同意
• 否	
	无海外版
        未完成","1、sftp环境或域名或IP：如 staging环境sftp  或 stagingsftp.pay.mipay.com  或 58.83.177.88:2222

2、使用场景： 例如： 上传下载影像文件、授权书、调额结果等文件

3、使用方：例如：贷款超市合作方马上金融

4、账号名： 例如:  lm_mashang

5、目录及权限： 例如：
/mi
mifi-loan-lm，RW
sftp-admin, RW
lm_mashang，R

/partner
mifi-loan-lm，RW
sftp-admin, RW
lm_mashang，RW

6、合作机构出口IP（通过公网访问时需要）：

7、数据保存时间：例如：1个月","1、机型套餐参考 ：http://xbudget.pt.xiaomi.com/

2、详细说明机器申请理由：

3、服务器配置(内存，CPU，磁盘，操作系统)：

4、套餐类型:",MI1.0,NONE,是,E4U3,,N/A,NONE,,,"1、背景及原因

2、源IP、源端口、网络协议、目的IP、目的端口：",,,,,,,,,,,生态链公司,0.0,,,,,,,MS11-5-800V,,,"1、机器：

2、服务：例如lcs-agent

3、如非标准服务，请提供下载和安装步骤说明。",软件问题,,,N/A,NONE,,jira-miliao-project,,,,,"此处填写部署步骤：
【1】order模块部署（示例）
git：git@v9.git.n.xiaomi.com:mijia-server/order.git
branch：dev
st job：job.order_service.order_servicegroup.shop_cluster.staging
",国内版,,,,,,待定,概率性偶发,,,2024/10/14 17:41,,,,,,,,待定,,0.0,,待定,,NONE,NONE,NONE,,,2024/10/14 17:41,2024/10/14 17:41,,NONE,,,2024/10/14 17:41,,,,,"Verification Version:

Verification Result:",请研发同事添加高通\MTK case ID,
